path,area,git_blob_or_state,provenance_classification,governing_basis,release_disposition,evidence
.github/ISSUE_TEMPLATE/bug_report.yml,repository-metadata,51e2d81a6c5742a5f93ecfae9bb85936e363a766,candidate-egoflow-authored,EgoFlow-rights-candidate;no-app-wide-OSI-grant-in-v0.0.1,retain-as-release-documentation-or-metadata,single-snapshot-no-prior-history
.github/ISSUE_TEMPLATE/config.yml,repository-metadata,927162050e40edafd3300cd23019a73fe894dc24,candidate-egoflow-authored,EgoFlow-rights-candidate;no-app-wide-OSI-grant-in-v0.0.1,retain-as-release-documentation-or-metadata,single-snapshot-no-prior-history
.github/ISSUE_TEMPLATE/feature_request.yml,repository-metadata,19a7a4f6349b7c7dcc572c1d2abddf8755d61175,candidate-egoflow-authored,EgoFlow-rights-candidate;no-app-wide-OSI-grant-in-v0.0.1,retain-as-release-documentation-or-metadata,single-snapshot-no-prior-history
.github/PULL_REQUEST_TEMPLATE.md,project-documentation,b8943051623245496d67244caf23deb79b738f37,candidate-egoflow-authored,EgoFlow-rights-candidate;no-app-wide-OSI-grant-in-v0.0.1,retain-as-release-documentation-or-metadata,single-snapshot-no-prior-history
.github/workflows/ci.yml,repository-metadata,24d711990cec53803dc0ab1e8e26951437dd5624,candidate-egoflow-authored,EgoFlow-rights-candidate;no-app-wide-OSI-grant-in-v0.0.1,retain-as-release-documentation-or-metadata,single-snapshot-no-prior-history
.gitleaks.toml,repository-metadata,7ffaaf766e7ce7d3efe61b0d89c5ff0735411ae9,candidate-egoflow-authored,EgoFlow-rights-candidate;no-app-wide-OSI-grant-in-v0.0.1,retain-as-release-documentation-or-metadata,single-snapshot-no-prior-history
.gitignore,repository-metadata,82de7ed799cc45fe13995076d913c6a5f296e362,candidate-egoflow-authored,EgoFlow-rights-candidate;no-app-wide-OSI-grant-in-v0.0.1,retain-as-release-documentation-or-metadata,basename-only:meta-android:samples/CameraAccess/.gitignore|meta-android:samples/CameraAccess/app/.gitignore|meta-ios:samples/CameraAccess/.gitignore|visionclaw:.gitignore|visionclaw:samples/CameraAccess/.gitignore;single-snapshot-no-prior-history
CHANGELOG.md,project-documentation,55f8ab7614f2561395075717da98e7865c2221e6,candidate-egoflow-authored,EgoFlow-rights-candidate;no-app-wide-OSI-grant-in-v0.0.1,retain-as-release-documentation-or-metadata,basename-only:meta-android:CHANGELOG.md|meta-ios:CHANGELOG.md|visionclaw:CHANGELOG.md;single-snapshot-no-prior-history
CODE_OF_CONDUCT.md,project-documentation,bc9562a884ab456fd9ab010b15309b10324993ad,candidate-egoflow-authored,EgoFlow-rights-candidate;no-app-wide-OSI-grant-in-v0.0.1,replace-with-egoflow-policy-before-release,basename-only:meta-android:CODE_OF_CONDUCT.md|meta-ios:CODE_OF_CONDUCT.md|visionclaw:CODE_OF_CONDUCT.md;single-snapshot-no-prior-history
CONTRIBUTING.md,project-documentation,6bfd9d571471929788a373a79a002b2afe0b4d2e,candidate-egoflow-authored,EgoFlow-rights-candidate;no-app-wide-OSI-grant-in-v0.0.1,replace-with-egoflow-policy-before-release,basename-only:meta-android:CONTRIBUTING.md|meta-ios:CONTRIBUTING.md|visionclaw:CONTRIBUTING.md;single-snapshot-no-prior-history
GOVERNANCE.md,project-documentation,60620fed091ff7cffb01ac72f85a18c7aed16d42,candidate-egoflow-authored,EgoFlow-rights-candidate;no-app-wide-OSI-grant-in-v0.0.1,retain-as-release-documentation-or-metadata,single-snapshot-no-prior-history
LICENSE,project-policy,e07059b4736bc16a9fb9ae6a827c0464c9b0a119,exact-upstream-copy,upstream-terms-and-notices;excluded-from-EgoFlow-MIT-claim,retain-meta-terms-scope-and-add-clear-mixed-scope-explanation,exact:meta-android:LICENSE;exact:meta-ios:LICENSE;exact:visionclaw:LICENSE
NOTICE,project-policy,f0a88567ed5fa240438bec21923383b3e646ff05,exact-upstream-copy,upstream-terms-and-notices;excluded-from-EgoFlow-MIT-claim,retain-and-reconcile-with-final-artifacts,meta-header;exact:meta-ios:NOTICE;exact:visionclaw:NOTICE
README.md,project-documentation,0c2c8bfd077389fe7da983df16e58082b0fd8de3,candidate-egoflow-authored,EgoFlow-rights-candidate;no-app-wide-OSI-grant-in-v0.0.1,retain-as-release-documentation-or-metadata,basename-only:meta-android:README.md|meta-android:samples/CameraAccess/README.md|meta-ios:README.md|meta-ios:samples/CameraAccess/README.md|visionclaw:README.md;single-snapshot-no-prior-history
SBOM.md,project-documentation,88bdf1c2ab7f48104e5f5ae7af331f8e5a4483c4,candidate-egoflow-authored,EgoFlow-rights-candidate;no-app-wide-OSI-grant-in-v0.0.1,retain-as-release-documentation-or-metadata,single-snapshot-no-prior-history
SECURITY.md,project-documentation,6ea9553bb10f3f464f32aabb6647010a7df98ed9,candidate-egoflow-authored,EgoFlow-rights-candidate;no-app-wide-OSI-grant-in-v0.0.1,retain-as-release-documentation-or-metadata,single-snapshot-no-prior-history
SUPPORT.md,project-documentation,12bbef3b9fefccdbc3220c449d7a66ec05373a0a,candidate-egoflow-authored,EgoFlow-rights-candidate;no-app-wide-OSI-grant-in-v0.0.1,retain-as-release-documentation-or-metadata,single-snapshot-no-prior-history
THIRD_PARTY_NOTICES.md,project-documentation,90476a032f4b9f7c18a52c1de688ad8c02d8a838,candidate-egoflow-authored,EgoFlow-rights-candidate;no-app-wide-OSI-grant-in-v0.0.1,retain-and-reconcile-with-final-artifacts,single-snapshot-no-prior-history
docs/01. project_guide.md,project-documentation,e4761c37c05e331cb55ba14b7558c456c15a74a2,candidate-egoflow-authored,EgoFlow-rights-candidate;no-app-wide-OSI-grant-in-v0.0.1,retain-as-release-documentation-or-metadata,single-snapshot-no-prior-history
docs/02. project_scope.md,project-documentation,fd4aab7d6f4109be237f8c366b79f2456e99de00,candidate-egoflow-authored,EgoFlow-rights-candidate;no-app-wide-OSI-grant-in-v0.0.1,retain-as-release-documentation-or-metadata,single-snapshot-no-prior-history
docs/03. project_architecture.md,project-documentation,aef93bb0fd9d99fe23737ddb85e49817d118efd1,candidate-egoflow-authored,EgoFlow-rights-candidate;no-app-wide-OSI-grant-in-v0.0.1,retain-as-release-documentation-or-metadata,single-snapshot-no-prior-history
docs/04. project_rtmp_android.md,project-documentation,99d788a4d0a4c5f8d1aadd554be04df1c914728f,candidate-egoflow-authored,EgoFlow-rights-candidate;no-app-wide-OSI-grant-in-v0.0.1,retain-as-release-documentation-or-metadata,single-snapshot-no-prior-history
docs/05. licensing-and-provenance.md,project-documentation,b4e7f97559b4d9f32cf58c1c4b799ed903120be9,candidate-egoflow-authored,EgoFlow-rights-candidate;no-app-wide-OSI-grant-in-v0.0.1,retain-as-release-documentation-or-metadata,single-snapshot-no-prior-history
docs/android-native-binary-inventory.csv,project-documentation,40cad40cdff3eca71c2d1f9b69e3eab38ef6bd8e,candidate-egoflow-authored,EgoFlow-rights-candidate;no-app-wide-OSI-grant-in-v0.0.1,retain-as-release-documentation-or-metadata,single-snapshot-no-prior-history
docs/decisions/0001-v0.0.1-android-transport-scope.md,project-documentation,4631dc618da942d5faebf426bc27f1f04be33d5d,candidate-egoflow-authored,EgoFlow-rights-candidate;no-app-wide-OSI-grant-in-v0.0.1,retain-as-release-documentation-or-metadata,single-snapshot-no-prior-history
docs/provenance-inventory.csv,project-documentation,generated-after-scan,candidate-egoflow-authored,EgoFlow-rights-candidate;no-app-wide-OSI-grant-in-v0.0.1,retain-as-release-documentation-or-metadata,self-row-for-complete-worktree-coverage
samples/CameraAccess/.gitignore,ios-experimental,70c30eba0221b9481c95d4859f052ff98c65dc36,exact-upstream-copy,upstream-terms-and-notices;excluded-from-EgoFlow-MIT-claim,retain-reference-source-only;exclude-supported-build-and-demo;never-include-in-mit-claim,exact:visionclaw:samples/CameraAccess/.gitignore;same-path:meta-ios:samples/CameraAccess/.gitignore;same-path:visionclaw:samples/CameraAccess/.gitignore
samples/CameraAccess/CameraAccess.xcodeproj/project.pbxproj,ios-experimental,505b53ef8652738daa73e3765e95e6d5ef949d50,modified-upstream-or-provenance-uncertain,upstream-terms-and-notices;excluded-from-EgoFlow-MIT-claim,retain-reference-source-only;exclude-supported-build-and-demo;never-include-in-mit-claim,same-path:meta-ios:samples/CameraAccess/CameraAccess.xcodeproj/project.pbxproj;same-path:visionclaw:samples/CameraAccess/CameraAccess.xcodeproj/project.pbxproj
samples/CameraAccess/CameraAccess.xcodeproj/xcshareddata/xcschemes/CameraAccess.xcscheme,ios-experimental,37b52c1163e2cd342b4996288f2a354a3a273482,exact-upstream-copy,upstream-terms-and-notices;excluded-from-EgoFlow-MIT-claim,retain-reference-source-only;exclude-supported-build-and-demo;never-include-in-mit-claim,exact:visionclaw:samples/CameraAccess/CameraAccess.xcodeproj/xcshareddata/xcschemes/CameraAccess.xcscheme;same-path:meta-ios:samples/CameraAccess/CameraAccess.xcodeproj/xcshareddata/xcschemes/CameraAccess.xcscheme;same-path:visionclaw:samples/CameraAccess/CameraAccess.xcodeproj/xcshareddata/xcschemes/CameraAccess.xcscheme
samples/CameraAccess/CameraAccess/Assets.xcassets/AccentColor.colorset/Contents.json,ios-experimental,4bf76f7af3d59743aa65f0f639407688dad57381,exact-upstream-copy,upstream-terms-and-notices;excluded-from-EgoFlow-MIT-claim,retain-reference-source-only;exclude-supported-build-and-demo;never-include-in-mit-claim,exact:meta-ios:samples/CameraAccess/CameraAccess/Assets.xcassets/AccentColor.colorset/Contents.json;exact:visionclaw:samples/CameraAccess/CameraAccess/Assets.xcassets/AccentColor.colorset/Contents.json;same-path:meta-ios:samples/CameraAccess/CameraAccess/Assets.xcassets/AccentColor.colorset/Contents.json;same-path:visionclaw:samples/CameraAccess/CameraAccess/Assets.xcassets/AccentColor.colorset/Contents.json
samples/CameraAccess/CameraAccess/Assets.xcassets/AppIcon.appiconset/Contents.json,ios-experimental,f7757d41a6cb437c36912f32f3e40d497940915f,exact-upstream-copy,upstream-terms-and-notices;excluded-from-EgoFlow-MIT-claim,retain-reference-source-only;exclude-supported-build-and-demo;never-include-in-mit-claim,exact:meta-ios:samples/CameraAccess/CameraAccess/Assets.xcassets/AppIcon.appiconset/Contents.json;exact:visionclaw:samples/CameraAccess/CameraAccess/Assets.xcassets/AppIcon.appiconset/Contents.json;same-path:meta-ios:samples/CameraAccess/CameraAccess/Assets.xcassets/AppIcon.appiconset/Contents.json;same-path:visionclaw:samples/CameraAccess/CameraAccess/Assets.xcassets/AppIcon.appiconset/Contents.json
samples/CameraAccess/CameraAccess/Assets.xcassets/AppIcon.appiconset/imagine_a_film_camera_in_the_style.jpeg,ios-experimental,b91090c87ad741739b43602669f0b99a280d2356,exact-upstream-copy,upstream-terms-and-notices;excluded-from-EgoFlow-MIT-claim,retain-reference-source-only;exclude-supported-build-and-demo;never-include-in-mit-claim,exact:meta-android:samples/CameraAccess/app/src/main/res/mipmap-xxxhdpi/ic_launcher.jpg;exact:meta-ios:samples/CameraAccess/CameraAccess/Assets.xcassets/AppIcon.appiconset/imagine_a_film_camera_in_the_style.jpeg;exact:visionclaw:samples/CameraAccess/CameraAccess/Assets.xcassets/AppIcon.appiconset/imagine_a_film_camera_in_the_style.jpeg;exact:visionclaw:samples/CameraAccessAndroid/app/src/main/res/mipmap-xxxhdpi/ic_launcher.jpg;same-path:meta-ios:samples/CameraAccess/CameraAccess/Assets.xcassets/AppIcon.appiconset/imagine_a_film_camera_in_the_style.jpeg;same-path:visionclaw:samples/CameraAccess/CameraAccess/Assets.xcassets/AppIcon.appiconset/imagine_a_film_camera_in_the_style.jpeg
samples/CameraAccess/CameraAccess/Assets.xcassets/Contents.json,ios-experimental,73c00596a7fca3f3d4bdd64053b69d86745f9e10,exact-upstream-copy,upstream-terms-and-notices;excluded-from-EgoFlow-MIT-claim,retain-reference-source-only;exclude-supported-build-and-demo;never-include-in-mit-claim,exact:meta-ios:samples/CameraAccess/CameraAccess/Assets.xcassets/Contents.json;exact:visionclaw:samples/CameraAccess/CameraAccess/Assets.xcassets/Contents.json;same-path:meta-ios:samples/CameraAccess/CameraAccess/Assets.xcassets/Contents.json;same-path:visionclaw:samples/CameraAccess/CameraAccess/Assets.xcassets/Contents.json
samples/CameraAccess/CameraAccess/Assets.xcassets/appPrimaryColor.colorset/Contents.json,ios-experimental,9bce1673d0fa54149e0f38e7893369d82a7c458c,exact-upstream-copy,upstream-terms-and-notices;excluded-from-EgoFlow-MIT-claim,retain-reference-source-only;exclude-supported-build-and-demo;never-include-in-mit-claim,exact:meta-ios:samples/CameraAccess/CameraAccess/Assets.xcassets/appPrimaryColor.colorset/Contents.json;exact:visionclaw:samples/CameraAccess/CameraAccess/Assets.xcassets/appPrimaryColor.colorset/Contents.json;same-path:meta-ios:samples/CameraAccess/CameraAccess/Assets.xcassets/appPrimaryColor.colorset/Contents.json;same-path:visionclaw:samples/CameraAccess/CameraAccess/Assets.xcassets/appPrimaryColor.colorset/Contents.json
samples/CameraAccess/CameraAccess/Assets.xcassets/cameraAccessIcon.imageset/Contents.json,ios-experimental,fc786d2e7edb5342cf9d4512b4d88357fe6b87ce,exact-upstream-copy,upstream-terms-and-notices;excluded-from-EgoFlow-MIT-claim,retain-reference-source-only;exclude-supported-build-and-demo;never-include-in-mit-claim,exact:meta-ios:samples/CameraAccess/CameraAccess/Assets.xcassets/cameraAccessIcon.imageset/Contents.json;exact:visionclaw:samples/CameraAccess/CameraAccess/Assets.xcassets/cameraAccessIcon.imageset/Contents.json;same-path:meta-ios:samples/CameraAccess/CameraAccess/Assets.xcassets/cameraAccessIcon.imageset/Contents.json;same-path:visionclaw:samples/CameraAccess/CameraAccess/Assets.xcassets/cameraAccessIcon.imageset/Contents.json
samples/CameraAccess/CameraAccess/Assets.xcassets/cameraAccessIcon.imageset/cameraAccessIcon.png,ios-experimental,7f919e39db6e1e2df299a5acfd9a3f84e567a6c8,exact-upstream-copy,upstream-terms-and-notices;excluded-from-EgoFlow-MIT-claim,retain-reference-source-only;exclude-supported-build-and-demo;never-include-in-mit-claim,exact:meta-ios:samples/CameraAccess/CameraAccess/Assets.xcassets/cameraAccessIcon.imageset/cameraAccessIcon.png;exact:visionclaw:samples/CameraAccess/CameraAccess/Assets.xcassets/cameraAccessIcon.imageset/cameraAccessIcon.png;same-path:meta-ios:samples/CameraAccess/CameraAccess/Assets.xcassets/cameraAccessIcon.imageset/cameraAccessIcon.png;same-path:visionclaw:samples/CameraAccess/CameraAccess/Assets.xcassets/cameraAccessIcon.imageset/cameraAccessIcon.png
samples/CameraAccess/CameraAccess/Assets.xcassets/destructiveBackground.colorset/Contents.json,ios-experimental,aa78b91777a8b9ec2f560f0a62812b00fb0af3cb,exact-upstream-copy,upstream-terms-and-notices;excluded-from-EgoFlow-MIT-claim,retain-reference-source-only;exclude-supported-build-and-demo;never-include-in-mit-claim,exact:meta-ios:samples/CameraAccess/CameraAccess/Assets.xcassets/destructiveBackground.colorset/Contents.json;exact:visionclaw:samples/CameraAccess/CameraAccess/Assets.xcassets/destructiveBackground.colorset/Contents.json;same-path:meta-ios:samples/CameraAccess/CameraAccess/Assets.xcassets/destructiveBackground.colorset/Contents.json;same-path:visionclaw:samples/CameraAccess/CameraAccess/Assets.xcassets/destructiveBackground.colorset/Contents.json
samples/CameraAccess/CameraAccess/Assets.xcassets/destructiveForeground.colorset/Contents.json,ios-experimental,31dafdbab26ff4ad4a39168b3f0ceb57d59bebbc,exact-upstream-copy,upstream-terms-and-notices;excluded-from-EgoFlow-MIT-claim,retain-reference-source-only;exclude-supported-build-and-demo;never-include-in-mit-claim,exact:meta-ios:samples/CameraAccess/CameraAccess/Assets.xcassets/destructiveForeground.colorset/Contents.json;exact:visionclaw:samples/CameraAccess/CameraAccess/Assets.xcassets/destructiveForeground.colorset/Contents.json;same-path:meta-ios:samples/CameraAccess/CameraAccess/Assets.xcassets/destructiveForeground.colorset/Contents.json;same-path:visionclaw:samples/CameraAccess/CameraAccess/Assets.xcassets/destructiveForeground.colorset/Contents.json
samples/CameraAccess/CameraAccess/Assets.xcassets/smartGlassesIcon.imageset/Contents.json,ios-experimental,ae0a59aea572731222d2cba63e0a8de307a79fed,exact-upstream-copy,upstream-terms-and-notices;excluded-from-EgoFlow-MIT-claim,retain-reference-source-only;exclude-supported-build-and-demo;never-include-in-mit-claim,exact:meta-ios:samples/CameraAccess/CameraAccess/Assets.xcassets/smartGlassesIcon.imageset/Contents.json;exact:visionclaw:samples/CameraAccess/CameraAccess/Assets.xcassets/smartGlassesIcon.imageset/Contents.json;same-path:meta-ios:samples/CameraAccess/CameraAccess/Assets.xcassets/smartGlassesIcon.imageset/Contents.json;same-path:visionclaw:samples/CameraAccess/CameraAccess/Assets.xcassets/smartGlassesIcon.imageset/Contents.json
samples/CameraAccess/CameraAccess/Assets.xcassets/smartGlassesIcon.imageset/smartGlassesIcon.png,ios-experimental,25da5d954b6000a01289c87dca7bd21a1561bd6c,exact-upstream-copy,upstream-terms-and-notices;excluded-from-EgoFlow-MIT-claim,retain-reference-source-only;exclude-supported-build-and-demo;never-include-in-mit-claim,exact:meta-ios:samples/CameraAccess/CameraAccess/Assets.xcassets/smartGlassesIcon.imageset/smartGlassesIcon.png;exact:visionclaw:samples/CameraAccess/CameraAccess/Assets.xcassets/smartGlassesIcon.imageset/smartGlassesIcon.png;same-path:meta-ios:samples/CameraAccess/CameraAccess/Assets.xcassets/smartGlassesIcon.imageset/smartGlassesIcon.png;same-path:visionclaw:samples/CameraAccess/CameraAccess/Assets.xcassets/smartGlassesIcon.imageset/smartGlassesIcon.png
samples/CameraAccess/CameraAccess/Assets.xcassets/soundIcon.imageset/Contents.json,ios-experimental,faa7379a5808f006bccb50c0c1777c20e5782cdf,exact-upstream-copy,upstream-terms-and-notices;excluded-from-EgoFlow-MIT-claim,retain-reference-source-only;exclude-supported-build-and-demo;never-include-in-mit-claim,exact:meta-ios:samples/CameraAccess/CameraAccess/Assets.xcassets/soundIcon.imageset/Contents.json;exact:visionclaw:samples/CameraAccess/CameraAccess/Assets.xcassets/soundIcon.imageset/Contents.json;same-path:meta-ios:samples/CameraAccess/CameraAccess/Assets.xcassets/soundIcon.imageset/Contents.json;same-path:visionclaw:samples/CameraAccess/CameraAccess/Assets.xcassets/soundIcon.imageset/Contents.json
samples/CameraAccess/CameraAccess/Assets.xcassets/soundIcon.imageset/soundIcon.png,ios-experimental,4f3a2cad7f96a16a9380abc7da0a94a7d7efc764,exact-upstream-copy,upstream-terms-and-notices;excluded-from-EgoFlow-MIT-claim,retain-reference-source-only;exclude-supported-build-and-demo;never-include-in-mit-claim,exact:meta-ios:samples/CameraAccess/CameraAccess/Assets.xcassets/soundIcon.imageset/soundIcon.png;exact:visionclaw:samples/CameraAccess/CameraAccess/Assets.xcassets/soundIcon.imageset/soundIcon.png;same-path:meta-ios:samples/CameraAccess/CameraAccess/Assets.xcassets/soundIcon.imageset/soundIcon.png;same-path:visionclaw:samples/CameraAccess/CameraAccess/Assets.xcassets/soundIcon.imageset/soundIcon.png
samples/CameraAccess/CameraAccess/Assets.xcassets/tapIcon.imageset/Contents.json,ios-experimental,6b2b21ba17ffb23ad1155d29fc3dd45b6eeaa6ab,exact-upstream-copy,upstream-terms-and-notices;excluded-from-EgoFlow-MIT-claim,retain-reference-source-only;exclude-supported-build-and-demo;never-include-in-mit-claim,exact:meta-ios:samples/CameraAccess/CameraAccess/Assets.xcassets/tapIcon.imageset/Contents.json;exact:visionclaw:samples/CameraAccess/CameraAccess/Assets.xcassets/tapIcon.imageset/Contents.json;same-path:meta-ios:samples/CameraAccess/CameraAccess/Assets.xcassets/tapIcon.imageset/Contents.json;same-path:visionclaw:samples/CameraAccess/CameraAccess/Assets.xcassets/tapIcon.imageset/Contents.json
samples/CameraAccess/CameraAccess/Assets.xcassets/tapIcon.imageset/tapIcon.png,ios-experimental,92a3805a21795bfe19d74cc986d76b5cffec2f2e,exact-upstream-copy,upstream-terms-and-notices;excluded-from-EgoFlow-MIT-claim,retain-reference-source-only;exclude-supported-build-and-demo;never-include-in-mit-claim,exact:meta-ios:samples/CameraAccess/CameraAccess/Assets.xcassets/tapIcon.imageset/tapIcon.png;exact:visionclaw:samples/CameraAccess/CameraAccess/Assets.xcassets/tapIcon.imageset/tapIcon.png;same-path:meta-ios:samples/CameraAccess/CameraAccess/Assets.xcassets/tapIcon.imageset/tapIcon.png;same-path:visionclaw:samples/CameraAccess/CameraAccess/Assets.xcassets/tapIcon.imageset/tapIcon.png
samples/CameraAccess/CameraAccess/Assets.xcassets/videoIcon.imageset/Contents.json,ios-experimental,b432781dd8636d31144d82a184c01f36dd7df610,exact-upstream-copy,upstream-terms-and-notices;excluded-from-EgoFlow-MIT-claim,retain-reference-source-only;exclude-supported-build-and-demo;never-include-in-mit-claim,exact:meta-ios:samples/CameraAccess/CameraAccess/Assets.xcassets/videoIcon.imageset/Contents.json;exact:visionclaw:samples/CameraAccess/CameraAccess/Assets.xcassets/videoIcon.imageset/Contents.json;same-path:meta-ios:samples/CameraAccess/CameraAccess/Assets.xcassets/videoIcon.imageset/Contents.json;same-path:visionclaw:samples/CameraAccess/CameraAccess/Assets.xcassets/videoIcon.imageset/Contents.json
samples/CameraAccess/CameraAccess/Assets.xcassets/videoIcon.imageset/videoIcon.png,ios-experimental,c7757a982d29edce87c3dab55aef99ba53e7480c,exact-upstream-copy,upstream-terms-and-notices;excluded-from-EgoFlow-MIT-claim,retain-reference-source-only;exclude-supported-build-and-demo;never-include-in-mit-claim,exact:meta-ios:samples/CameraAccess/CameraAccess/Assets.xcassets/videoIcon.imageset/videoIcon.png;exact:visionclaw:samples/CameraAccess/CameraAccess/Assets.xcassets/videoIcon.imageset/videoIcon.png;same-path:meta-ios:samples/CameraAccess/CameraAccess/Assets.xcassets/videoIcon.imageset/videoIcon.png;same-path:visionclaw:samples/CameraAccess/CameraAccess/Assets.xcassets/videoIcon.imageset/videoIcon.png
samples/CameraAccess/CameraAccess/Assets.xcassets/walkingIcon.imageset/Contents.json,ios-experimental,fefdf38811c686a0702058793a7afedd79f55301,exact-upstream-copy,upstream-terms-and-notices;excluded-from-EgoFlow-MIT-claim,retain-reference-source-only;exclude-supported-build-and-demo;never-include-in-mit-claim,exact:meta-ios:samples/CameraAccess/CameraAccess/Assets.xcassets/walkingIcon.imageset/Contents.json;exact:visionclaw:samples/CameraAccess/CameraAccess/Assets.xcassets/walkingIcon.imageset/Contents.json;same-path:meta-ios:samples/CameraAccess/CameraAccess/Assets.xcassets/walkingIcon.imageset/Contents.json;same-path:visionclaw:samples/CameraAccess/CameraAccess/Assets.xcassets/walkingIcon.imageset/Contents.json
samples/CameraAccess/CameraAccess/Assets.xcassets/walkingIcon.imageset/walkingIcon.png,ios-experimental,a64ab02ee863576d8f71f67820c6eac66314f791,exact-upstream-copy,upstream-terms-and-notices;excluded-from-EgoFlow-MIT-claim,retain-reference-source-only;exclude-supported-build-and-demo;never-include-in-mit-claim,exact:meta-ios:samples/CameraAccess/CameraAccess/Assets.xcassets/walkingIcon.imageset/walkingIcon.png;exact:visionclaw:samples/CameraAccess/CameraAccess/Assets.xcassets/walkingIcon.imageset/walkingIcon.png;same-path:meta-ios:samples/CameraAccess/CameraAccess/Assets.xcassets/walkingIcon.imageset/walkingIcon.png;same-path:visionclaw:samples/CameraAccess/CameraAccess/Assets.xcassets/walkingIcon.imageset/walkingIcon.png
samples/CameraAccess/CameraAccess/CameraAccess.entitlements,ios-experimental,6631ffa6f24265b2e341ccb354d8a5983a7f106a,exact-upstream-copy,upstream-terms-and-notices;excluded-from-EgoFlow-MIT-claim,retain-reference-source-only;exclude-supported-build-and-demo;never-include-in-mit-claim,exact:visionclaw:samples/CameraAccess/CameraAccess/CameraAccess.entitlements;same-path:meta-ios:samples/CameraAccess/CameraAccess/CameraAccess.entitlements;same-path:visionclaw:samples/CameraAccess/CameraAccess/CameraAccess.entitlements
samples/CameraAccess/CameraAccess/CameraAccessApp.swift,ios-experimental,da3cb851d6395a49601fc0ff8c97bc8e974cfdb2,modified-upstream-or-provenance-uncertain,upstream-terms-and-notices;excluded-from-EgoFlow-MIT-claim,retain-reference-source-only;exclude-supported-build-and-demo;never-include-in-mit-claim,meta-header;same-path:meta-ios:samples/CameraAccess/CameraAccess/CameraAccessApp.swift;same-path:visionclaw:samples/CameraAccess/CameraAccess/CameraAccessApp.swift
samples/CameraAccess/CameraAccess/Gemini/AudioManager.swift,ios-experimental,3c6c38d48672f9be86e98452c38f0f0f15a26b07,exact-upstream-copy,upstream-terms-and-notices;excluded-from-EgoFlow-MIT-claim,retain-reference-source-only;exclude-supported-build-and-demo;never-include-in-mit-claim,exact:visionclaw:samples/CameraAccess/CameraAccess/Gemini/AudioManager.swift;same-path:visionclaw:samples/CameraAccess/CameraAccess/Gemini/AudioManager.swift
samples/CameraAccess/CameraAccess/Gemini/GeminiConfig.swift,ios-experimental,5c124f6657c205f2d35934df1dbb402872a40c58,exact-upstream-copy,upstream-terms-and-notices;excluded-from-EgoFlow-MIT-claim,retain-reference-source-only;exclude-supported-build-and-demo;never-include-in-mit-claim,exact:visionclaw:samples/CameraAccess/CameraAccess/Gemini/GeminiConfig.swift;same-path:visionclaw:samples/CameraAccess/CameraAccess/Gemini/GeminiConfig.swift
samples/CameraAccess/CameraAccess/Gemini/GeminiLiveService.swift,ios-experimental,38b4500956c4c300456769e0d856544affc148e1,exact-upstream-copy,upstream-terms-and-notices;excluded-from-EgoFlow-MIT-claim,retain-reference-source-only;exclude-supported-build-and-demo;never-include-in-mit-claim,exact:visionclaw:samples/CameraAccess/CameraAccess/Gemini/GeminiLiveService.swift;same-path:visionclaw:samples/CameraAccess/CameraAccess/Gemini/GeminiLiveService.swift
samples/CameraAccess/CameraAccess/Gemini/GeminiSessionViewModel.swift,ios-experimental,0222b437de82ae49ffcdf4ed579f6698e1356a6e,exact-upstream-copy,upstream-terms-and-notices;excluded-from-EgoFlow-MIT-claim,retain-reference-source-only;exclude-supported-build-and-demo;never-include-in-mit-claim,exact:visionclaw:samples/CameraAccess/CameraAccess/Gemini/GeminiSessionViewModel.swift;same-path:visionclaw:samples/CameraAccess/CameraAccess/Gemini/GeminiSessionViewModel.swift
samples/CameraAccess/CameraAccess/Info.plist,ios-experimental,261a2f260e10d8c375b31e77a547dfd685e738f1,modified-upstream-or-provenance-uncertain,upstream-terms-and-notices;excluded-from-EgoFlow-MIT-claim,retain-reference-source-only;exclude-supported-build-and-demo;never-include-in-mit-claim,same-path:meta-ios:samples/CameraAccess/CameraAccess/Info.plist;same-path:visionclaw:samples/CameraAccess/CameraAccess/Info.plist
samples/CameraAccess/CameraAccess/OpenClaw/OpenClawBridge.swift,ios-experimental,86221668046ef484878949f5830b2bf1b0f05b49,exact-upstream-copy,upstream-terms-and-notices;excluded-from-EgoFlow-MIT-claim,retain-reference-source-only;exclude-supported-build-and-demo;never-include-in-mit-claim,exact:visionclaw:samples/CameraAccess/CameraAccess/OpenClaw/OpenClawBridge.swift;same-path:visionclaw:samples/CameraAccess/CameraAccess/OpenClaw/OpenClawBridge.swift
samples/CameraAccess/CameraAccess/OpenClaw/ToolCallModels.swift,ios-experimental,c7222a288c7b28b5c9f019816af5945186e5712a,exact-upstream-copy,upstream-terms-and-notices;excluded-from-EgoFlow-MIT-claim,retain-reference-source-only;exclude-supported-build-and-demo;never-include-in-mit-claim,exact:visionclaw:samples/CameraAccess/CameraAccess/OpenClaw/ToolCallModels.swift;same-path:visionclaw:samples/CameraAccess/CameraAccess/OpenClaw/ToolCallModels.swift
samples/CameraAccess/CameraAccess/OpenClaw/ToolCallRouter.swift,ios-experimental,d81d20fb8e24a89645d2c0714182387824419090,exact-upstream-copy,upstream-terms-and-notices;excluded-from-EgoFlow-MIT-claim,retain-reference-source-only;exclude-supported-build-and-demo;never-include-in-mit-claim,exact:visionclaw:samples/CameraAccess/CameraAccess/OpenClaw/ToolCallRouter.swift;same-path:visionclaw:samples/CameraAccess/CameraAccess/OpenClaw/ToolCallRouter.swift
samples/CameraAccess/CameraAccess/Secrets.swift.example,ios-experimental,10a151ac8b5a2286b5daa0ebdeb1b778ff0f7d19,modified-upstream-or-provenance-uncertain,upstream-terms-and-notices;excluded-from-EgoFlow-MIT-claim,retain-reference-source-only;exclude-supported-build-and-demo;never-include-in-mit-claim,same-path:visionclaw:samples/CameraAccess/CameraAccess/Secrets.swift.example
samples/CameraAccess/CameraAccess/Settings/SettingsManager.swift,ios-experimental,069ab0d2bc73415334f51ffcd06bf87dd3924a29,modified-upstream-or-provenance-uncertain,upstream-terms-and-notices;excluded-from-EgoFlow-MIT-claim,retain-reference-source-only;exclude-supported-build-and-demo;never-include-in-mit-claim,same-path:visionclaw:samples/CameraAccess/CameraAccess/Settings/SettingsManager.swift
samples/CameraAccess/CameraAccess/Settings/SettingsView.swift,ios-experimental,3149d88a8402e572b99084a1c698ca4f69fef1c9,modified-upstream-or-provenance-uncertain,upstream-terms-and-notices;excluded-from-EgoFlow-MIT-claim,retain-reference-source-only;exclude-supported-build-and-demo;never-include-in-mit-claim,same-path:visionclaw:samples/CameraAccess/CameraAccess/Settings/SettingsView.swift
samples/CameraAccess/CameraAccess/ViewModels/DebugMenuViewModel.swift,ios-experimental,07531709be31a318418adafada068ba9f5f29bd0,modified-upstream-or-provenance-uncertain,upstream-terms-and-notices;excluded-from-EgoFlow-MIT-claim,retain-reference-source-only;exclude-supported-build-and-demo;never-include-in-mit-claim,meta-header;same-path:meta-ios:samples/CameraAccess/CameraAccess/ViewModels/DebugMenuViewModel.swift;same-path:visionclaw:samples/CameraAccess/CameraAccess/ViewModels/DebugMenuViewModel.swift
samples/CameraAccess/CameraAccess/ViewModels/MockDeviceKit/MockDeviceKitViewModel.swift,ios-experimental,122f9a8b855a569e1af7218d34ab36390dc70de7,modified-upstream-or-provenance-uncertain,upstream-terms-and-notices;excluded-from-EgoFlow-MIT-claim,retain-reference-source-only;exclude-supported-build-and-demo;never-include-in-mit-claim,meta-header;same-path:meta-ios:samples/CameraAccess/CameraAccess/ViewModels/MockDeviceKit/MockDeviceKitViewModel.swift;same-path:visionclaw:samples/CameraAccess/CameraAccess/ViewModels/MockDeviceKit/MockDeviceKitViewModel.swift
samples/CameraAccess/CameraAccess/ViewModels/MockDeviceKit/MockDeviceViewModel.swift,ios-experimental,8210b58dd8b1ff8d7162f3b0729808a1de74d7b3,modified-upstream-or-provenance-uncertain,upstream-terms-and-notices;excluded-from-EgoFlow-MIT-claim,retain-reference-source-only;exclude-supported-build-and-demo;never-include-in-mit-claim,meta-header;same-path:meta-ios:samples/CameraAccess/CameraAccess/ViewModels/MockDeviceKit/MockDeviceViewModel.swift;same-path:visionclaw:samples/CameraAccess/CameraAccess/ViewModels/MockDeviceKit/MockDeviceViewModel.swift
samples/CameraAccess/CameraAccess/ViewModels/StreamSessionViewModel.swift,ios-experimental,8df51dc417b1d6a5190d5c78401453077b49ee0b,modified-upstream-or-provenance-uncertain,upstream-terms-and-notices;excluded-from-EgoFlow-MIT-claim,retain-reference-source-only;exclude-supported-build-and-demo;never-include-in-mit-claim,meta-header;same-path:meta-ios:samples/CameraAccess/CameraAccess/ViewModels/StreamSessionViewModel.swift;same-path:visionclaw:samples/CameraAccess/CameraAccess/ViewModels/StreamSessionViewModel.swift
samples/CameraAccess/CameraAccess/ViewModels/VideoDecoder.swift,ios-experimental,d299687ca18718bcfa03c823fab377dad46968f9,modified-upstream-or-provenance-uncertain,upstream-terms-and-notices;excluded-from-EgoFlow-MIT-claim,retain-reference-source-only;exclude-supported-build-and-demo;never-include-in-mit-claim,meta-header;same-path:visionclaw:samples/CameraAccess/CameraAccess/ViewModels/VideoDecoder.swift
samples/CameraAccess/CameraAccess/ViewModels/WearablesViewModel.swift,ios-experimental,db70ad677a10aca5e9519a99c7b7bafc60f984da,modified-upstream-or-provenance-uncertain,upstream-terms-and-notices;excluded-from-EgoFlow-MIT-claim,retain-reference-source-only;exclude-supported-build-and-demo;never-include-in-mit-claim,meta-header;same-path:meta-ios:samples/CameraAccess/CameraAccess/ViewModels/WearablesViewModel.swift;same-path:visionclaw:samples/CameraAccess/CameraAccess/ViewModels/WearablesViewModel.swift
samples/CameraAccess/CameraAccess/Views/Components/CardView.swift,ios-experimental,2c61ab70c58735d943e01e01986982a7fef5ee39,modified-upstream-or-provenance-uncertain,upstream-terms-and-notices;excluded-from-EgoFlow-MIT-claim,retain-reference-source-only;exclude-supported-build-and-demo;never-include-in-mit-claim,meta-header;same-path:meta-ios:samples/CameraAccess/CameraAccess/Views/Components/CardView.swift;same-path:visionclaw:samples/CameraAccess/CameraAccess/Views/Components/CardView.swift
samples/CameraAccess/CameraAccess/Views/Components/CircleButton.swift,ios-experimental,1797aff8a1f4863db63e82c8f9590a8422391149,modified-upstream-or-provenance-uncertain,upstream-terms-and-notices;excluded-from-EgoFlow-MIT-claim,retain-reference-source-only;exclude-supported-build-and-demo;never-include-in-mit-claim,meta-header;same-path:meta-ios:samples/CameraAccess/CameraAccess/Views/Components/CircleButton.swift;same-path:visionclaw:samples/CameraAccess/CameraAccess/Views/Components/CircleButton.swift
samples/CameraAccess/CameraAccess/Views/Components/CustomButton.swift,ios-experimental,49c49530e321ec2c25946e023c13f08612c3959f,modified-upstream-or-provenance-uncertain,upstream-terms-and-notices;excluded-from-EgoFlow-MIT-claim,retain-reference-source-only;exclude-supported-build-and-demo;never-include-in-mit-claim,meta-header;same-path:meta-ios:samples/CameraAccess/CameraAccess/Views/Components/CustomButton.swift;same-path:visionclaw:samples/CameraAccess/CameraAccess/Views/Components/CustomButton.swift
samples/CameraAccess/CameraAccess/Views/Components/GeminiOverlayView.swift,ios-experimental,67ec11fbf6a72439b556e8276b6964562a3cf932,exact-upstream-copy,upstream-terms-and-notices;excluded-from-EgoFlow-MIT-claim,retain-reference-source-only;exclude-supported-build-and-demo;never-include-in-mit-claim,exact:visionclaw:samples/CameraAccess/CameraAccess/Views/Components/GeminiOverlayView.swift;same-path:visionclaw:samples/CameraAccess/CameraAccess/Views/Components/GeminiOverlayView.swift
samples/CameraAccess/CameraAccess/Views/Components/MediaPickerView.swift,ios-experimental,9cdb234eba5c9773be632d55e9b0dcafd500c621,modified-upstream-or-provenance-uncertain,upstream-terms-and-notices;excluded-from-EgoFlow-MIT-claim,retain-reference-source-only;exclude-supported-build-and-demo;never-include-in-mit-claim,meta-header;same-path:meta-ios:samples/CameraAccess/CameraAccess/Views/Components/MediaPickerView.swift;same-path:visionclaw:samples/CameraAccess/CameraAccess/Views/Components/MediaPickerView.swift
samples/CameraAccess/CameraAccess/Views/Components/StatusText.swift,ios-experimental,895eadf07aa40e49177d24ace4b7e1614afb5bf1,modified-upstream-or-provenance-uncertain,upstream-terms-and-notices;excluded-from-EgoFlow-MIT-claim,retain-reference-source-only;exclude-supported-build-and-demo;never-include-in-mit-claim,meta-header;same-path:meta-ios:samples/CameraAccess/CameraAccess/Views/Components/StatusText.swift;same-path:visionclaw:samples/CameraAccess/CameraAccess/Views/Components/StatusText.swift
samples/CameraAccess/CameraAccess/Views/DebugMenuView.swift,ios-experimental,5ad989e6728719a348b715e9c11914e7e2cb8aaf,modified-upstream-or-provenance-uncertain,upstream-terms-and-notices;excluded-from-EgoFlow-MIT-claim,retain-reference-source-only;exclude-supported-build-and-demo;never-include-in-mit-claim,meta-header;same-path:meta-ios:samples/CameraAccess/CameraAccess/Views/DebugMenuView.swift;same-path:visionclaw:samples/CameraAccess/CameraAccess/Views/DebugMenuView.swift
samples/CameraAccess/CameraAccess/Views/HomeScreenView.swift,ios-experimental,73b5abb832d1e20bcb1acc0a28ece7eae2f27ed9,modified-upstream-or-provenance-uncertain,upstream-terms-and-notices;excluded-from-EgoFlow-MIT-claim,retain-reference-source-only;exclude-supported-build-and-demo;never-include-in-mit-claim,meta-header;same-path:meta-ios:samples/CameraAccess/CameraAccess/Views/HomeScreenView.swift;same-path:visionclaw:samples/CameraAccess/CameraAccess/Views/HomeScreenView.swift
samples/CameraAccess/CameraAccess/Views/MainAppView.swift,ios-experimental,b672cc87e170e719f8c926ccc156fb4364388092,modified-upstream-or-provenance-uncertain,upstream-terms-and-notices;excluded-from-EgoFlow-MIT-claim,retain-reference-source-only;exclude-supported-build-and-demo;never-include-in-mit-claim,meta-header;same-path:meta-ios:samples/CameraAccess/CameraAccess/Views/MainAppView.swift;same-path:visionclaw:samples/CameraAccess/CameraAccess/Views/MainAppView.swift
samples/CameraAccess/CameraAccess/Views/MockDeviceKit/MockDeviceCardView.swift,ios-experimental,2884fe52c02973d985843f202cdc7088f37e3d4b,modified-upstream-or-provenance-uncertain,upstream-terms-and-notices;excluded-from-EgoFlow-MIT-claim,retain-reference-source-only;exclude-supported-build-and-demo;never-include-in-mit-claim,meta-header;same-path:meta-ios:samples/CameraAccess/CameraAccess/Views/MockDeviceKit/MockDeviceCardView.swift;same-path:visionclaw:samples/CameraAccess/CameraAccess/Views/MockDeviceKit/MockDeviceCardView.swift
samples/CameraAccess/CameraAccess/Views/MockDeviceKit/MockDeviceKitButton.swift,ios-experimental,bab7b35273d59912ba6a5b0819301f4e9a7ceed9,modified-upstream-or-provenance-uncertain,upstream-terms-and-notices;excluded-from-EgoFlow-MIT-claim,retain-reference-source-only;exclude-supported-build-and-demo;never-include-in-mit-claim,meta-header;same-path:meta-ios:samples/CameraAccess/CameraAccess/Views/MockDeviceKit/MockDeviceKitButton.swift;same-path:visionclaw:samples/CameraAccess/CameraAccess/Views/MockDeviceKit/MockDeviceKitButton.swift
samples/CameraAccess/CameraAccess/Views/MockDeviceKit/MockDeviceKitView.swift,ios-experimental,153ee6c9182c79e6245d268f5a8e818fdfae5a0c,modified-upstream-or-provenance-uncertain,upstream-terms-and-notices;excluded-from-EgoFlow-MIT-claim,retain-reference-source-only;exclude-supported-build-and-demo;never-include-in-mit-claim,meta-header;same-path:meta-ios:samples/CameraAccess/CameraAccess/Views/MockDeviceKit/MockDeviceKitView.swift;same-path:visionclaw:samples/CameraAccess/CameraAccess/Views/MockDeviceKit/MockDeviceKitView.swift
samples/CameraAccess/CameraAccess/Views/NonStreamView.swift,ios-experimental,65071eeb60541c012fe7a211a540dbf5be0f6bf1,modified-upstream-or-provenance-uncertain,upstream-terms-and-notices;excluded-from-EgoFlow-MIT-claim,retain-reference-source-only;exclude-supported-build-and-demo;never-include-in-mit-claim,meta-header;same-path:meta-ios:samples/CameraAccess/CameraAccess/Views/NonStreamView.swift;same-path:visionclaw:samples/CameraAccess/CameraAccess/Views/NonStreamView.swift
samples/CameraAccess/CameraAccess/Views/PhotoPreviewView.swift,ios-experimental,ea598ee27931022465afbaf3d4a1d02fb856be23,modified-upstream-or-provenance-uncertain,upstream-terms-and-notices;excluded-from-EgoFlow-MIT-claim,retain-reference-source-only;exclude-supported-build-and-demo;never-include-in-mit-claim,meta-header;same-path:meta-ios:samples/CameraAccess/CameraAccess/Views/PhotoPreviewView.swift;same-path:visionclaw:samples/CameraAccess/CameraAccess/Views/PhotoPreviewView.swift
samples/CameraAccess/CameraAccess/Views/RegistrationView.swift,ios-experimental,a5952c51b97e2eb988fb7c57088a567a522ce185,modified-upstream-or-provenance-uncertain,upstream-terms-and-notices;excluded-from-EgoFlow-MIT-claim,retain-reference-source-only;exclude-supported-build-and-demo;never-include-in-mit-claim,meta-header;same-path:meta-ios:samples/CameraAccess/CameraAccess/Views/RegistrationView.swift;same-path:visionclaw:samples/CameraAccess/CameraAccess/Views/RegistrationView.swift
samples/CameraAccess/CameraAccess/Views/StreamSessionView.swift,ios-experimental,3b7e71f17a66144562782691f67aca3acd989876,modified-upstream-or-provenance-uncertain,upstream-terms-and-notices;excluded-from-EgoFlow-MIT-claim,retain-reference-source-only;exclude-supported-build-and-demo;never-include-in-mit-claim,meta-header;same-path:meta-ios:samples/CameraAccess/CameraAccess/Views/StreamSessionView.swift;same-path:visionclaw:samples/CameraAccess/CameraAccess/Views/StreamSessionView.swift
samples/CameraAccess/CameraAccess/Views/StreamView.swift,ios-experimental,4f17b334991d1c2d0894d9f899a4756ddc8c5bc5,modified-upstream-or-provenance-uncertain,upstream-terms-and-notices;excluded-from-EgoFlow-MIT-claim,retain-reference-source-only;exclude-supported-build-and-demo;never-include-in-mit-claim,meta-header;same-path:meta-ios:samples/CameraAccess/CameraAccess/Views/StreamView.swift;same-path:visionclaw:samples/CameraAccess/CameraAccess/Views/StreamView.swift
samples/CameraAccess/CameraAccess/iPhone/IPhoneCameraManager.swift,ios-experimental,5587de8faf0965455bf29c549d4d7737b607f1df,exact-upstream-copy,upstream-terms-and-notices;excluded-from-EgoFlow-MIT-claim,retain-reference-source-only;exclude-supported-build-and-demo;never-include-in-mit-claim,exact:visionclaw:samples/CameraAccess/CameraAccess/iPhone/IPhoneCameraManager.swift;same-path:visionclaw:samples/CameraAccess/CameraAccess/iPhone/IPhoneCameraManager.swift
samples/CameraAccess/CameraAccessTests/Assets/plant.mp4,ios-experimental,e838dfae69254b37e4acacb354234875b83c54bb,exact-upstream-copy,upstream-terms-and-notices;excluded-from-EgoFlow-MIT-claim,retain-reference-source-only;exclude-supported-build-and-demo;never-include-in-mit-claim,exact:meta-android:samples/CameraAccess/app/src/androidTest/assets/plant.mp4;exact:meta-ios:samples/CameraAccess/CameraAccess/TestResources/plant.mp4;exact:visionclaw:samples/CameraAccess/CameraAccessTests/Assets/plant.mp4;exact:visionclaw:samples/CameraAccessAndroid/app/src/androidTest/assets/plant.mp4;same-path:visionclaw:samples/CameraAccess/CameraAccessTests/Assets/plant.mp4
samples/CameraAccess/CameraAccessTests/Assets/plant.png,ios-experimental,96798c374561ea8cda59f3d9a41fa0ab27c4dfb8,exact-upstream-copy,upstream-terms-and-notices;excluded-from-EgoFlow-MIT-claim,retain-reference-source-only;exclude-supported-build-and-demo;never-include-in-mit-claim,exact:meta-android:samples/CameraAccess/app/src/androidTest/assets/plant.png;exact:meta-ios:samples/CameraAccess/CameraAccess/TestResources/plant.png;exact:visionclaw:samples/CameraAccess/CameraAccessTests/Assets/plant.png;exact:visionclaw:samples/CameraAccessAndroid/app/src/androidTest/assets/plant.png;same-path:visionclaw:samples/CameraAccess/CameraAccessTests/Assets/plant.png
samples/CameraAccess/CameraAccessTests/CameraAccessTests.swift,ios-experimental,e136bc37e08bc1c91c5dcf086df810103a31cdb4,modified-upstream-or-provenance-uncertain,upstream-terms-and-notices;excluded-from-EgoFlow-MIT-claim,retain-reference-source-only;exclude-supported-build-and-demo;never-include-in-mit-claim,meta-header;same-path:meta-ios:samples/CameraAccess/CameraAccessTests/CameraAccessTests.swift;same-path:visionclaw:samples/CameraAccess/CameraAccessTests/CameraAccessTests.swift
samples/CameraAccess/README.md,ios-experimental,76600e7bed0e04dde3f0a2520f108476a3dba97c,modified-upstream-or-provenance-uncertain,upstream-terms-and-notices;excluded-from-EgoFlow-MIT-claim,retain-reference-source-only;exclude-supported-build-and-demo;never-include-in-mit-claim,same-path:meta-ios:samples/CameraAccess/README.md
samples/CameraAccessAndroid/.gitignore,android-release,ebcf831122f43c64d7b937cc813d762f940dc1a1,modified-upstream-or-provenance-uncertain,upstream-terms-and-notices;excluded-from-EgoFlow-MIT-claim,retain-under-mixed-scope;preserve-notices;pending-written-permission,same-path:meta-android:samples/CameraAccess/.gitignore;same-path:visionclaw:samples/CameraAccessAndroid/.gitignore
samples/CameraAccessAndroid/README.md,android-release,fffe193da450861ba51234f02cf08cdeafbd6b1a,modified-upstream-or-provenance-uncertain,upstream-terms-and-notices;excluded-from-EgoFlow-MIT-claim,retain-under-mixed-scope;preserve-notices;pending-written-permission,same-path:meta-android:samples/CameraAccess/README.md;same-path:visionclaw:samples/CameraAccessAndroid/README.md
samples/CameraAccessAndroid/app/.gitignore,android-release,796b96d1c402326528b4ba3c12ee9d92d0e212e9,exact-upstream-copy,upstream-terms-and-notices;excluded-from-EgoFlow-MIT-claim,retain-under-mixed-scope;preserve-notices;pending-written-permission,exact:meta-android:samples/CameraAccess/app/.gitignore;exact:visionclaw:samples/CameraAccessAndroid/app/.gitignore;same-path:meta-android:samples/CameraAccess/app/.gitignore;same-path:visionclaw:samples/CameraAccessAndroid/app/.gitignore
samples/CameraAccessAndroid/app/build.gradle.kts,android-release,eb03e236750df17b5521780bac1e0e115fcd3cc5,modified-upstream-or-provenance-uncertain,upstream-terms-and-notices;excluded-from-EgoFlow-MIT-claim,retain-under-mixed-scope;preserve-notices;pending-written-permission,meta-header;same-path:meta-android:samples/CameraAccess/app/build.gradle.kts;same-path:visionclaw:samples/CameraAccessAndroid/app/build.gradle.kts
samples/CameraAccessAndroid/app/gradle.lockfile,android-release,d771deceb95c6f4b69a9cba87b09d54d834b31b7,candidate-egoflow-authored,EgoFlow-rights-candidate;no-app-wide-OSI-grant-in-v0.0.1,retain-source-available;excluded-from-app-wide-osi-claim,single-snapshot-no-prior-history
samples/CameraAccessAndroid/app/proguard-rules.pro,android-release,eb71d7ab88171d6f7227ec0904ada88ecc99d553,modified-upstream-or-provenance-uncertain,upstream-terms-and-notices;excluded-from-EgoFlow-MIT-claim,retain-under-mixed-scope;preserve-notices;pending-written-permission,meta-header;same-path:meta-android:samples/CameraAccess/app/proguard-rules.pro;same-path:visionclaw:samples/CameraAccessAndroid/app/proguard-rules.pro
samples/CameraAccessAndroid/app/src/androidTest/assets/plant.mp4,android-release,e838dfae69254b37e4acacb354234875b83c54bb,exact-upstream-copy,upstream-terms-and-notices;excluded-from-EgoFlow-MIT-claim,retain-under-mixed-scope;preserve-notices;pending-written-permission,exact:meta-android:samples/CameraAccess/app/src/androidTest/assets/plant.mp4;exact:meta-ios:samples/CameraAccess/CameraAccess/TestResources/plant.mp4;exact:visionclaw:samples/CameraAccess/CameraAccessTests/Assets/plant.mp4;exact:visionclaw:samples/CameraAccessAndroid/app/src/androidTest/assets/plant.mp4;same-path:meta-android:samples/CameraAccess/app/src/androidTest/assets/plant.mp4;same-path:visionclaw:samples/CameraAccessAndroid/app/src/androidTest/assets/plant.mp4
samples/CameraAccessAndroid/app/src/androidTest/assets/plant.png,android-release,96798c374561ea8cda59f3d9a41fa0ab27c4dfb8,exact-upstream-copy,upstream-terms-and-notices;excluded-from-EgoFlow-MIT-claim,retain-under-mixed-scope;preserve-notices;pending-written-permission,exact:meta-android:samples/CameraAccess/app/src/androidTest/assets/plant.png;exact:meta-ios:samples/CameraAccess/CameraAccess/TestResources/plant.png;exact:visionclaw:samples/CameraAccess/CameraAccessTests/Assets/plant.png;exact:visionclaw:samples/CameraAccessAndroid/app/src/androidTest/assets/plant.png;same-path:meta-android:samples/CameraAccess/app/src/androidTest/assets/plant.png;same-path:visionclaw:samples/CameraAccessAndroid/app/src/androidTest/assets/plant.png
samples/CameraAccessAndroid/app/src/main/AndroidManifest.xml,android-release,67971cebf2d36b3f82c79b365a7e994ff69c4859,modified-upstream-or-provenance-uncertain,upstream-terms-and-notices;excluded-from-EgoFlow-MIT-claim,retain-under-mixed-scope;preserve-notices;pending-written-permission,same-path:meta-android:samples/CameraAccess/app/src/main/AndroidManifest.xml;same-path:visionclaw:samples/CameraAccessAndroid/app/src/main/AndroidManifest.xml
samples/CameraAccessAndroid/app/src/main/java/io/egoflow/app/MainActivity.kt,android-release,f676be75c2089a7603c778a3b3997b3b5e727a8f,modified-upstream-or-provenance-uncertain,upstream-terms-and-notices;excluded-from-EgoFlow-MIT-claim,retain-under-mixed-scope;preserve-notices;pending-written-permission,meta-header;basename-only:meta-android:samples/CameraAccess/app/src/main/java/com/meta/wearable/dat/externalsampleapps/cameraaccess/MainActivity.kt|visionclaw:samples/CameraAccessAndroid/app/src/main/java/com/meta/wearable/dat/externalsampleapps/cameraaccess/MainActivity.kt
samples/CameraAccessAndroid/app/src/main/java/io/egoflow/app/diagnostics/MicDiagnostics.kt,android-release,8ed4b24a2d9e22570f2aaee04e4175c99fb7d0e9,candidate-egoflow-authored,EgoFlow-rights-candidate;no-app-wide-OSI-grant-in-v0.0.1,retain-source-available;excluded-from-app-wide-osi-claim,single-snapshot-no-prior-history
samples/CameraAccessAndroid/app/src/main/java/io/egoflow/app/phone/PhoneCameraManager.kt,android-release,5668a4e2c66ab3e7a04fc5bdd35599dd5ca5e1ed,candidate-egoflow-authored,EgoFlow-rights-candidate;no-app-wide-OSI-grant-in-v0.0.1,retain-source-available;excluded-from-app-wide-osi-claim,basename-only:visionclaw:samples/CameraAccessAndroid/app/src/main/java/com/meta/wearable/dat/externalsampleapps/cameraaccess/phone/PhoneCameraManager.kt;single-snapshot-no-prior-history
samples/CameraAccessAndroid/app/src/main/java/io/egoflow/app/settings/SettingsManager.kt,android-release,fcd65c5a6069a1e19802b176f583bf6adbcf7ba2,candidate-egoflow-authored,EgoFlow-rights-candidate;no-app-wide-OSI-grant-in-v0.0.1,retain-source-available;excluded-from-app-wide-osi-claim,basename-only:visionclaw:samples/CameraAccessAndroid/app/src/main/java/com/meta/wearable/dat/externalsampleapps/cameraaccess/settings/SettingsManager.kt;single-snapshot-no-prior-history
samples/CameraAccessAndroid/app/src/main/java/io/egoflow/app/stream/SpecificDeviceSelector.kt,android-release,c95075e2af5f7c15f6d736ed0e95307c6f67440c,candidate-egoflow-authored,EgoFlow-rights-candidate;no-app-wide-OSI-grant-in-v0.0.1,retain-source-available;excluded-from-app-wide-osi-claim,single-snapshot-no-prior-history
samples/CameraAccessAndroid/app/src/main/java/io/egoflow/app/stream/StreamUiState.kt,android-release,8844ea98449e5f10618f3db9799f1d7bc8f3c126,modified-upstream-or-provenance-uncertain,upstream-terms-and-notices;excluded-from-EgoFlow-MIT-claim,retain-under-mixed-scope;preserve-notices;pending-written-permission,meta-header;basename-only:meta-android:samples/CameraAccess/app/src/main/java/com/meta/wearable/dat/externalsampleapps/cameraaccess/stream/StreamUiState.kt|visionclaw:samples/CameraAccessAndroid/app/src/main/java/com/meta/wearable/dat/externalsampleapps/cameraaccess/stream/StreamUiState.kt
samples/CameraAccessAndroid/app/src/main/java/io/egoflow/app/stream/StreamViewModel.kt,android-release,e06b0cc64f7aab78f6b6325e48427b8fef0d030a,modified-upstream-or-provenance-uncertain,upstream-terms-and-notices;excluded-from-EgoFlow-MIT-claim,retain-under-mixed-scope;preserve-notices;pending-written-permission,meta-header;basename-only:meta-android:samples/CameraAccess/app/src/main/java/com/meta/wearable/dat/externalsampleapps/cameraaccess/stream/StreamViewModel.kt|visionclaw:samples/CameraAccessAndroid/app/src/main/java/com/meta/wearable/dat/externalsampleapps/cameraaccess/stream/StreamViewModel.kt
samples/CameraAccessAndroid/app/src/main/java/io/egoflow/app/stream/StreamingService.kt,android-release,8d4efbb4a639f6332b62c1a27120a5fdf81e3aef,candidate-egoflow-authored,EgoFlow-rights-candidate;no-app-wide-OSI-grant-in-v0.0.1,retain-source-available;excluded-from-app-wide-osi-claim,basename-only:visionclaw:samples/CameraAccessAndroid/app/src/main/java/com/meta/wearable/dat/externalsampleapps/cameraaccess/stream/StreamingService.kt;single-snapshot-no-prior-history
samples/CameraAccessAndroid/app/src/main/java/io/egoflow/app/ui/CameraAccessScaffold.kt,android-release,24c3e1cb9eb06c6e84e7dadb5234b3ee8a597004,modified-upstream-or-provenance-uncertain,upstream-terms-and-notices;excluded-from-EgoFlow-MIT-claim,retain-under-mixed-scope;preserve-notices;pending-written-permission,meta-header;basename-only:meta-android:samples/CameraAccess/app/src/main/java/com/meta/wearable/dat/externalsampleapps/cameraaccess/ui/CameraAccessScaffold.kt|visionclaw:samples/CameraAccessAndroid/app/src/main/java/com/meta/wearable/dat/externalsampleapps/cameraaccess/ui/CameraAccessScaffold.kt
samples/CameraAccessAndroid/app/src/main/java/io/egoflow/app/ui/CircleButton.kt,android-release,a0019e069666ce84741e7c577e0237f0bc5c7b0e,modified-upstream-or-provenance-uncertain,upstream-terms-and-notices;excluded-from-EgoFlow-MIT-claim,retain-under-mixed-scope;preserve-notices;pending-written-permission,meta-header;basename-only:meta-android:samples/CameraAccess/app/src/main/java/com/meta/wearable/dat/externalsampleapps/cameraaccess/ui/CircleButton.kt|visionclaw:samples/CameraAccessAndroid/app/src/main/java/com/meta/wearable/dat/externalsampleapps/cameraaccess/ui/CircleButton.kt
samples/CameraAccessAndroid/app/src/main/java/io/egoflow/app/ui/ControlsRow.kt,android-release,acbde9f591ce78f3322da71c13d8009f2d25ca1c,candidate-egoflow-authored,EgoFlow-rights-candidate;no-app-wide-OSI-grant-in-v0.0.1,retain-source-available;excluded-from-app-wide-osi-claim,basename-only:visionclaw:samples/CameraAccessAndroid/app/src/main/java/com/meta/wearable/dat/externalsampleapps/cameraaccess/ui/ControlsRow.kt;single-snapshot-no-prior-history
samples/CameraAccessAndroid/app/src/main/java/io/egoflow/app/ui/HomeScreen.kt,android-release,ca501685682c8190f5f52e5da702aa6a91f2985f,modified-upstream-or-provenance-uncertain,upstream-terms-and-notices;excluded-from-EgoFlow-MIT-claim,retain-under-mixed-scope;preserve-notices;pending-written-permission,meta-header;basename-only:meta-android:samples/CameraAccess/app/src/main/java/com/meta/wearable/dat/externalsampleapps/cameraaccess/ui/HomeScreen.kt|visionclaw:samples/CameraAccessAndroid/app/src/main/java/com/meta/wearable/dat/externalsampleapps/cameraaccess/ui/HomeScreen.kt
samples/CameraAccessAndroid/app/src/main/java/io/egoflow/app/ui/LoginScreen.kt,android-release,8ee248f2555d5fda089f927ae50fd819664a451a,candidate-egoflow-authored,EgoFlow-rights-candidate;no-app-wide-OSI-grant-in-v0.0.1,retain-source-available;excluded-from-app-wide-osi-claim,single-snapshot-no-prior-history
samples/CameraAccessAndroid/app/src/main/java/io/egoflow/app/ui/MainTabScreen.kt,android-release,d1853b019a28f52ac74e25ce197f015d1f7e63a1,candidate-egoflow-authored,EgoFlow-rights-candidate;no-app-wide-OSI-grant-in-v0.0.1,retain-source-available;excluded-from-app-wide-osi-claim,single-snapshot-no-prior-history
samples/CameraAccessAndroid/app/src/main/java/io/egoflow/app/ui/MicDiagnosticsScreen.kt,android-release,23bc222cbc8d95fd33866e4183031c4716ac2acb,candidate-egoflow-authored,EgoFlow-rights-candidate;no-app-wide-OSI-grant-in-v0.0.1,retain-source-available;excluded-from-app-wide-osi-claim,single-snapshot-no-prior-history
samples/CameraAccessAndroid/app/src/main/java/io/egoflow/app/ui/NonStreamScreen.kt,android-release,7a98c0cad65f27f07841ea46405c879a0db88432,modified-upstream-or-provenance-uncertain,upstream-terms-and-notices;excluded-from-EgoFlow-MIT-claim,retain-under-mixed-scope;preserve-notices;pending-written-permission,meta-header;basename-only:meta-android:samples/CameraAccess/app/src/main/java/com/meta/wearable/dat/externalsampleapps/cameraaccess/ui/NonStreamScreen.kt|visionclaw:samples/CameraAccessAndroid/app/src/main/java/com/meta/wearable/dat/externalsampleapps/cameraaccess/ui/NonStreamScreen.kt
samples/CameraAccessAndroid/app/src/main/java/io/egoflow/app/ui/PermissionIntroScreen.kt,android-release,69136d41ffa77b1babe1b804eb3c7815bdde61c5,candidate-egoflow-authored,EgoFlow-rights-candidate;no-app-wide-OSI-grant-in-v0.0.1,retain-source-available;excluded-from-app-wide-osi-claim,single-snapshot-no-prior-history
samples/CameraAccessAndroid/app/src/main/java/io/egoflow/app/ui/PillButton.kt,android-release,a63a68f33b27a946c61f5a9305fd468207c1691a,candidate-egoflow-authored,EgoFlow-rights-candidate;no-app-wide-OSI-grant-in-v0.0.1,retain-source-available;excluded-from-app-wide-osi-claim,single-snapshot-no-prior-history
samples/CameraAccessAndroid/app/src/main/java/io/egoflow/app/ui/RecordNoRepositoryScreen.kt,android-release,c584797535dfb2f9cc18f284104e59754255b2d4,modified-upstream-or-provenance-uncertain,upstream-terms-and-notices;excluded-from-EgoFlow-MIT-claim,retain-under-mixed-scope;preserve-notices;pending-written-permission,meta-header
samples/CameraAccessAndroid/app/src/main/java/io/egoflow/app/ui/RecordSettingsPanel.kt,android-release,06e8160b2e68df8a34dd5fc470366c793594c3aa,candidate-egoflow-authored,EgoFlow-rights-candidate;no-app-wide-OSI-grant-in-v0.0.1,retain-source-available;excluded-from-app-wide-osi-claim,single-snapshot-no-prior-history
samples/CameraAccessAndroid/app/src/main/java/io/egoflow/app/ui/RecordStartActions.kt,android-release,dc79775020189c6f3726a2e22f8af9ccdfcce43d,candidate-egoflow-authored,EgoFlow-rights-candidate;no-app-wide-OSI-grant-in-v0.0.1,retain-source-available;excluded-from-app-wide-osi-claim,single-snapshot-no-prior-history
samples/CameraAccessAndroid/app/src/main/java/io/egoflow/app/ui/SettingsScreen.kt,android-release,e5df11cea862212f65415fc275c35dfafc1cee57,candidate-egoflow-authored,EgoFlow-rights-candidate;no-app-wide-OSI-grant-in-v0.0.1,retain-source-available;excluded-from-app-wide-osi-claim,basename-only:visionclaw:samples/CameraAccessAndroid/app/src/main/java/com/meta/wearable/dat/externalsampleapps/cameraaccess/ui/SettingsScreen.kt;single-snapshot-no-prior-history
samples/CameraAccessAndroid/app/src/main/java/io/egoflow/app/ui/SharePhotoDialog.kt,android-release,4582634ff65fa5115462ce8eab94923ac05d07f4,modified-upstream-or-provenance-uncertain,upstream-terms-and-notices;excluded-from-EgoFlow-MIT-claim,retain-under-mixed-scope;preserve-notices;pending-written-permission,meta-header;basename-only:meta-android:samples/CameraAccess/app/src/main/java/com/meta/wearable/dat/externalsampleapps/cameraaccess/ui/SharePhotoDialog.kt|visionclaw:samples/CameraAccessAndroid/app/src/main/java/com/meta/wearable/dat/externalsampleapps/cameraaccess/ui/SharePhotoDialog.kt
samples/CameraAccessAndroid/app/src/main/java/io/egoflow/app/ui/StreamScreen.kt,android-release,736f3344a201d011b0e304461a28dd39114fa5d3,modified-upstream-or-provenance-uncertain,upstream-terms-and-notices;excluded-from-EgoFlow-MIT-claim,retain-under-mixed-scope;preserve-notices;pending-written-permission,meta-header;basename-only:meta-android:samples/CameraAccess/app/src/main/java/com/meta/wearable/dat/externalsampleapps/cameraaccess/ui/StreamScreen.kt|visionclaw:samples/CameraAccessAndroid/app/src/main/java/com/meta/wearable/dat/externalsampleapps/cameraaccess/ui/StreamScreen.kt
samples/CameraAccessAndroid/app/src/main/java/io/egoflow/app/ui/StreamTransitionOverlay.kt,android-release,9f50986bddddaf7d462056d967c37663fa0355e7,modified-upstream-or-provenance-uncertain,upstream-terms-and-notices;excluded-from-EgoFlow-MIT-claim,retain-under-mixed-scope;preserve-notices;pending-written-permission,meta-header
samples/CameraAccessAndroid/app/src/main/java/io/egoflow/app/ui/SwitchButton.kt,android-release,01d8a5b875e9133c822392c11225d95ab099ceec,modified-upstream-or-provenance-uncertain,upstream-terms-and-notices;excluded-from-EgoFlow-MIT-claim,retain-under-mixed-scope;preserve-notices;pending-written-permission,meta-header;basename-only:meta-android:samples/CameraAccess/app/src/main/java/com/meta/wearable/dat/externalsampleapps/cameraaccess/ui/SwitchButton.kt|visionclaw:samples/CameraAccessAndroid/app/src/main/java/com/meta/wearable/dat/externalsampleapps/cameraaccess/ui/SwitchButton.kt
samples/CameraAccessAndroid/app/src/main/java/io/egoflow/app/ui/repo/RepoController.kt,android-release,5402a91ae63adfb2fdbadd59ff63958b47523c64,candidate-egoflow-authored,EgoFlow-rights-candidate;no-app-wide-OSI-grant-in-v0.0.1,retain-source-available;excluded-from-app-wide-osi-claim,single-snapshot-no-prior-history
samples/CameraAccessAndroid/app/src/main/java/io/egoflow/app/ui/repo/RepoDisplayName.kt,android-release,9e1c1e62d6224857a36ad88885e0e1751e914d6e,candidate-egoflow-authored,EgoFlow-rights-candidate;no-app-wide-OSI-grant-in-v0.0.1,retain-source-available;excluded-from-app-wide-osi-claim,single-snapshot-no-prior-history
samples/CameraAccessAndroid/app/src/main/java/io/egoflow/app/ui/repo/RepoScreen.kt,android-release,c263fad177a43ab9bd1834b28f77cdab73e6dd44,candidate-egoflow-authored,EgoFlow-rights-candidate;no-app-wide-OSI-grant-in-v0.0.1,retain-source-available;excluded-from-app-wide-osi-claim,single-snapshot-no-prior-history
samples/CameraAccessAndroid/app/src/main/java/io/egoflow/app/ui/repo/components/ActiveRepoCard.kt,android-release,491c5cebaa76bd8ba359d9bc14bc127746d85d44,candidate-egoflow-authored,EgoFlow-rights-candidate;no-app-wide-OSI-grant-in-v0.0.1,retain-source-available;excluded-from-app-wide-osi-claim,single-snapshot-no-prior-history
samples/CameraAccessAndroid/app/src/main/java/io/egoflow/app/ui/repo/components/RepoBadge.kt,android-release,242015ef0916596b991fdc2776c809426c64764f,candidate-egoflow-authored,EgoFlow-rights-candidate;no-app-wide-OSI-grant-in-v0.0.1,retain-source-available;excluded-from-app-wide-osi-claim,single-snapshot-no-prior-history
samples/CameraAccessAndroid/app/src/main/java/io/egoflow/app/ui/repo/components/RepoEmptyState.kt,android-release,fbe40517f88e403b41e031e51b5370153d7978dc,candidate-egoflow-authored,EgoFlow-rights-candidate;no-app-wide-OSI-grant-in-v0.0.1,retain-source-available;excluded-from-app-wide-osi-claim,single-snapshot-no-prior-history
samples/CameraAccessAndroid/app/src/main/java/io/egoflow/app/ui/repo/components/RepoErrorBanner.kt,android-release,2212e5a5ead15ba4bdc8bf064a0a6879aee5747b,candidate-egoflow-authored,EgoFlow-rights-candidate;no-app-wide-OSI-grant-in-v0.0.1,retain-source-available;excluded-from-app-wide-osi-claim,single-snapshot-no-prior-history
samples/CameraAccessAndroid/app/src/main/java/io/egoflow/app/ui/repo/components/RepoFilterChips.kt,android-release,076f19067cc56ec0f2ff89f1d10171a5681d8074,candidate-egoflow-authored,EgoFlow-rights-candidate;no-app-wide-OSI-grant-in-v0.0.1,retain-source-available;excluded-from-app-wide-osi-claim,single-snapshot-no-prior-history
samples/CameraAccessAndroid/app/src/main/java/io/egoflow/app/ui/repo/components/RepoListCard.kt,android-release,80cb28b990c6739bd105d759a8a1d7a5f3461d88,candidate-egoflow-authored,EgoFlow-rights-candidate;no-app-wide-OSI-grant-in-v0.0.1,retain-source-available;excluded-from-app-wide-osi-claim,single-snapshot-no-prior-history
samples/CameraAccessAndroid/app/src/main/java/io/egoflow/app/ui/repo/components/RepoSkeleton.kt,android-release,2607a982500997dd67611e2a99338ab7429f3d9f,candidate-egoflow-authored,EgoFlow-rights-candidate;no-app-wide-OSI-grant-in-v0.0.1,retain-source-available;excluded-from-app-wide-osi-claim,single-snapshot-no-prior-history
samples/CameraAccessAndroid/app/src/main/java/io/egoflow/app/ui/repo/components/RepoTopBarActions.kt,android-release,d9ea360dc3f4685e5a4d42e4b563c4877583e64e,candidate-egoflow-authored,EgoFlow-rights-candidate;no-app-wide-OSI-grant-in-v0.0.1,retain-source-available;excluded-from-app-wide-osi-claim,single-snapshot-no-prior-history
samples/CameraAccessAndroid/app/src/main/java/io/egoflow/app/ui/repo/components/SectionLabel.kt,android-release,60a4c398d62ba2a3ac07541249e4bda76bda20f3,candidate-egoflow-authored,EgoFlow-rights-candidate;no-app-wide-OSI-grant-in-v0.0.1,retain-source-available;excluded-from-app-wide-osi-claim,single-snapshot-no-prior-history
samples/CameraAccessAndroid/app/src/main/java/io/egoflow/app/ui/theme/Color.kt,android-release,7b82b56a7f8f9d279db0a961921ae3827530c974,candidate-egoflow-authored,EgoFlow-rights-candidate;no-app-wide-OSI-grant-in-v0.0.1,retain-source-available;excluded-from-app-wide-osi-claim,single-snapshot-no-prior-history
samples/CameraAccessAndroid/app/src/main/java/io/egoflow/app/ui/theme/Shape.kt,android-release,02b94729653a3b09a2aaa50ea12a0cbc47af1962,candidate-egoflow-authored,EgoFlow-rights-candidate;no-app-wide-OSI-grant-in-v0.0.1,retain-source-available;excluded-from-app-wide-osi-claim,single-snapshot-no-prior-history
samples/CameraAccessAndroid/app/src/main/java/io/egoflow/app/ui/theme/Theme.kt,android-release,3321b652b55ea27047871aa6c187103445d43cf5,candidate-egoflow-authored,EgoFlow-rights-candidate;no-app-wide-OSI-grant-in-v0.0.1,retain-source-available;excluded-from-app-wide-osi-claim,single-snapshot-no-prior-history
samples/CameraAccessAndroid/app/src/main/java/io/egoflow/app/wearables/WearablesUiState.kt,android-release,406a2e164a72b7c4dac0d5663e0dbd94829eea86,modified-upstream-or-provenance-uncertain,upstream-terms-and-notices;excluded-from-EgoFlow-MIT-claim,retain-under-mixed-scope;preserve-notices;pending-written-permission,meta-header;basename-only:meta-android:samples/CameraAccess/app/src/main/java/com/meta/wearable/dat/externalsampleapps/cameraaccess/wearables/WearablesUiState.kt|visionclaw:samples/CameraAccessAndroid/app/src/main/java/com/meta/wearable/dat/externalsampleapps/cameraaccess/wearables/WearablesUiState.kt
samples/CameraAccessAndroid/app/src/main/java/io/egoflow/app/wearables/WearablesViewModel.kt,android-release,5aaba1d816bb6cc787bc39ae914a0b5459340628,modified-upstream-or-provenance-uncertain,upstream-terms-and-notices;excluded-from-EgoFlow-MIT-claim,retain-under-mixed-scope;preserve-notices;pending-written-permission,meta-header;basename-only:meta-android:samples/CameraAccess/app/src/main/java/com/meta/wearable/dat/externalsampleapps/cameraaccess/wearables/WearablesViewModel.kt|visionclaw:samples/CameraAccessAndroid/app/src/main/java/com/meta/wearable/dat/externalsampleapps/cameraaccess/wearables/WearablesViewModel.kt
samples/CameraAccessAndroid/app/src/main/res/drawable/camera_access_icon.xml,android-release,0590c5ff1964c5d40bfa89ea0fd47c9064b4c201,exact-upstream-copy,upstream-terms-and-notices;excluded-from-EgoFlow-MIT-claim,retain-under-mixed-scope;preserve-notices;pending-written-permission,exact:meta-android:samples/CameraAccess/app/src/main/res/drawable/camera_access_icon.xml;exact:visionclaw:samples/CameraAccessAndroid/app/src/main/res/drawable/camera_access_icon.xml;same-path:meta-android:samples/CameraAccess/app/src/main/res/drawable/camera_access_icon.xml;same-path:visionclaw:samples/CameraAccessAndroid/app/src/main/res/drawable/camera_access_icon.xml
samples/CameraAccessAndroid/app/src/main/res/drawable/camera_icon.xml,android-release,2b924bb70de10c858e0e694776bbf288490992cd,exact-upstream-copy,upstream-terms-and-notices;excluded-from-EgoFlow-MIT-claim,retain-under-mixed-scope;preserve-notices;pending-written-permission,exact:meta-android:samples/CameraAccess/app/src/main/res/drawable/camera_icon.xml;exact:visionclaw:samples/CameraAccessAndroid/app/src/main/res/drawable/camera_icon.xml;same-path:meta-android:samples/CameraAccess/app/src/main/res/drawable/camera_icon.xml;same-path:visionclaw:samples/CameraAccessAndroid/app/src/main/res/drawable/camera_icon.xml
samples/CameraAccessAndroid/app/src/main/res/drawable/hourglass_icon.xml,android-release,2ace1c02695d70d0c8fd995ebf4adfe6f71149eb,exact-upstream-copy,upstream-terms-and-notices;excluded-from-EgoFlow-MIT-claim,retain-under-mixed-scope;preserve-notices;pending-written-permission,exact:meta-android:samples/CameraAccess/app/src/main/res/drawable/hourglass_icon.xml;exact:visionclaw:samples/CameraAccessAndroid/app/src/main/res/drawable/hourglass_icon.xml;same-path:meta-android:samples/CameraAccess/app/src/main/res/drawable/hourglass_icon.xml;same-path:visionclaw:samples/CameraAccessAndroid/app/src/main/res/drawable/hourglass_icon.xml
samples/CameraAccessAndroid/app/src/main/res/drawable/ic_stat_streaming.xml,android-release,ace967f2ac9f63446d0e1ba86cbde10ba1437a48,candidate-egoflow-authored,EgoFlow-rights-candidate;no-app-wide-OSI-grant-in-v0.0.1,retain-source-available;excluded-from-app-wide-osi-claim,single-snapshot-no-prior-history
samples/CameraAccessAndroid/app/src/main/res/drawable/smart_glasses_icon.xml,android-release,8ca5c908879acc516371fd4daa2d211ed508a319,exact-upstream-copy,upstream-terms-and-notices;excluded-from-EgoFlow-MIT-claim,retain-under-mixed-scope;preserve-notices;pending-written-permission,exact:meta-android:samples/CameraAccess/app/src/main/res/drawable/smart_glasses_icon.xml;exact:visionclaw:samples/CameraAccessAndroid/app/src/main/res/drawable/smart_glasses_icon.xml;same-path:meta-android:samples/CameraAccess/app/src/main/res/drawable/smart_glasses_icon.xml;same-path:visionclaw:samples/CameraAccessAndroid/app/src/main/res/drawable/smart_glasses_icon.xml
samples/CameraAccessAndroid/app/src/main/res/drawable/sound_icon.xml,android-release,8b44ef65d12d981e3b67d2c7583099243890335e,exact-upstream-copy,upstream-terms-and-notices;excluded-from-EgoFlow-MIT-claim,retain-under-mixed-scope;preserve-notices;pending-written-permission,exact:meta-android:samples/CameraAccess/app/src/main/res/drawable/sound_icon.xml;exact:visionclaw:samples/CameraAccessAndroid/app/src/main/res/drawable/sound_icon.xml;same-path:meta-android:samples/CameraAccess/app/src/main/res/drawable/sound_icon.xml;same-path:visionclaw:samples/CameraAccessAndroid/app/src/main/res/drawable/sound_icon.xml
samples/CameraAccessAndroid/app/src/main/res/drawable/tap_icon.xml,android-release,ca9459f75c7426f8294336a2b6b14c30d249b2a5,exact-upstream-copy,upstream-terms-and-notices;excluded-from-EgoFlow-MIT-claim,retain-under-mixed-scope;preserve-notices;pending-written-permission,exact:meta-android:samples/CameraAccess/app/src/main/res/drawable/tap_icon.xml;exact:visionclaw:samples/CameraAccessAndroid/app/src/main/res/drawable/tap_icon.xml;same-path:meta-android:samples/CameraAccess/app/src/main/res/drawable/tap_icon.xml;same-path:visionclaw:samples/CameraAccessAndroid/app/src/main/res/drawable/tap_icon.xml
samples/CameraAccessAndroid/app/src/main/res/drawable/timer_icon.xml,android-release,2b1c5db24d8326ccb7f3ac107c4cd4cd7b123437,exact-upstream-copy,upstream-terms-and-notices;excluded-from-EgoFlow-MIT-claim,retain-under-mixed-scope;preserve-notices;pending-written-permission,exact:meta-android:samples/CameraAccess/app/src/main/res/drawable/timer_icon.xml;exact:visionclaw:samples/CameraAccessAndroid/app/src/main/res/drawable/timer_icon.xml;same-path:meta-android:samples/CameraAccess/app/src/main/res/drawable/timer_icon.xml;same-path:visionclaw:samples/CameraAccessAndroid/app/src/main/res/drawable/timer_icon.xml
samples/CameraAccessAndroid/app/src/main/res/drawable/video_icon.xml,android-release,59551025844d1ba5277fcc276717fbc732655d9e,exact-upstream-copy,upstream-terms-and-notices;excluded-from-EgoFlow-MIT-claim,retain-under-mixed-scope;preserve-notices;pending-written-permission,exact:meta-android:samples/CameraAccess/app/src/main/res/drawable/video_icon.xml;exact:visionclaw:samples/CameraAccessAndroid/app/src/main/res/drawable/video_icon.xml;same-path:meta-android:samples/CameraAccess/app/src/main/res/drawable/video_icon.xml;same-path:visionclaw:samples/CameraAccessAndroid/app/src/main/res/drawable/video_icon.xml
samples/CameraAccessAndroid/app/src/main/res/drawable/walking_icon.xml,android-release,ecc3b5a0ac6f6c1207a5e64458415e53dda0098a,exact-upstream-copy,upstream-terms-and-notices;excluded-from-EgoFlow-MIT-claim,retain-under-mixed-scope;preserve-notices;pending-written-permission,exact:meta-android:samples/CameraAccess/app/src/main/res/drawable/walking_icon.xml;exact:visionclaw:samples/CameraAccessAndroid/app/src/main/res/drawable/walking_icon.xml;same-path:meta-android:samples/CameraAccess/app/src/main/res/drawable/walking_icon.xml;same-path:visionclaw:samples/CameraAccessAndroid/app/src/main/res/drawable/walking_icon.xml
samples/CameraAccessAndroid/app/src/main/res/mipmap-anydpi-v26/ic_launcher.xml,android-release,be438580f7f9f25a62c9e3e448de0338b63a8e18,modified-upstream-or-provenance-uncertain,upstream-terms-and-notices;excluded-from-EgoFlow-MIT-claim,retain-under-mixed-scope;preserve-notices;pending-written-permission,same-path:meta-android:samples/CameraAccess/app/src/main/res/mipmap-anydpi-v26/ic_launcher.xml;same-path:visionclaw:samples/CameraAccessAndroid/app/src/main/res/mipmap-anydpi-v26/ic_launcher.xml
samples/CameraAccessAndroid/app/src/main/res/mipmap-anydpi-v26/ic_launcher_round.xml,android-release,be438580f7f9f25a62c9e3e448de0338b63a8e18,candidate-egoflow-authored,EgoFlow-rights-candidate;no-app-wide-OSI-grant-in-v0.0.1,retain-source-available;excluded-from-app-wide-osi-claim,single-snapshot-no-prior-history
samples/CameraAccessAndroid/app/src/main/res/mipmap-hdpi/ic_launcher.png,android-release,ab0e7095c223cb6f954c71ba20056b912cd248ce,candidate-egoflow-authored,EgoFlow-rights-candidate;no-app-wide-OSI-grant-in-v0.0.1,retain-source-available;excluded-from-app-wide-osi-claim,single-snapshot-no-prior-history
samples/CameraAccessAndroid/app/src/main/res/mipmap-hdpi/ic_launcher_foreground.png,android-release,f477fbed9e20bdd21834ba9fd0e83918cc53052c,candidate-egoflow-authored,EgoFlow-rights-candidate;no-app-wide-OSI-grant-in-v0.0.1,retain-source-available;excluded-from-app-wide-osi-claim,basename-only:meta-android:samples/CameraAccess/app/src/main/res/drawable/ic_launcher_foreground.png|visionclaw:samples/CameraAccessAndroid/app/src/main/res/drawable/ic_launcher_foreground.png;single-snapshot-no-prior-history
samples/CameraAccessAndroid/app/src/main/res/mipmap-hdpi/ic_launcher_round.png,android-release,3dbd6a5b30cd5e17289c2612b22216bf35c5af8d,candidate-egoflow-authored,EgoFlow-rights-candidate;no-app-wide-OSI-grant-in-v0.0.1,retain-source-available;excluded-from-app-wide-osi-claim,single-snapshot-no-prior-history
samples/CameraAccessAndroid/app/src/main/res/mipmap-mdpi/ic_launcher.png,android-release,c3dc6bcaf92a2992358fdc83a69734e1d5acfa7f,candidate-egoflow-authored,EgoFlow-rights-candidate;no-app-wide-OSI-grant-in-v0.0.1,retain-source-available;excluded-from-app-wide-osi-claim,single-snapshot-no-prior-history
samples/CameraAccessAndroid/app/src/main/res/mipmap-mdpi/ic_launcher_foreground.png,android-release,4f5f4e6b6b4c3bee10820b483331c64210427e86,candidate-egoflow-authored,EgoFlow-rights-candidate;no-app-wide-OSI-grant-in-v0.0.1,retain-source-available;excluded-from-app-wide-osi-claim,basename-only:meta-android:samples/CameraAccess/app/src/main/res/drawable/ic_launcher_foreground.png|visionclaw:samples/CameraAccessAndroid/app/src/main/res/drawable/ic_launcher_foreground.png;single-snapshot-no-prior-history
samples/CameraAccessAndroid/app/src/main/res/mipmap-mdpi/ic_launcher_round.png,android-release,2cd3a4f2c09739a00b103b997732c095d8c0b030,candidate-egoflow-authored,EgoFlow-rights-candidate;no-app-wide-OSI-grant-in-v0.0.1,retain-source-available;excluded-from-app-wide-osi-claim,single-snapshot-no-prior-history
samples/CameraAccessAndroid/app/src/main/res/mipmap-xhdpi/ic_launcher.png,android-release,b45c3b4648456974ac05c3efcff6066711374a24,candidate-egoflow-authored,EgoFlow-rights-candidate;no-app-wide-OSI-grant-in-v0.0.1,retain-source-available;excluded-from-app-wide-osi-claim,single-snapshot-no-prior-history
samples/CameraAccessAndroid/app/src/main/res/mipmap-xhdpi/ic_launcher_foreground.png,android-release,9791b7a216e7e9fdd18d5a43071a73d608ce58dd,candidate-egoflow-authored,EgoFlow-rights-candidate;no-app-wide-OSI-grant-in-v0.0.1,retain-source-available;excluded-from-app-wide-osi-claim,basename-only:meta-android:samples/CameraAccess/app/src/main/res/drawable/ic_launcher_foreground.png|visionclaw:samples/CameraAccessAndroid/app/src/main/res/drawable/ic_launcher_foreground.png;single-snapshot-no-prior-history
samples/CameraAccessAndroid/app/src/main/res/mipmap-xhdpi/ic_launcher_round.png,android-release,9dbdef5dfc87c739fd01dbd1e3b40899ed113a8d,candidate-egoflow-authored,EgoFlow-rights-candidate;no-app-wide-OSI-grant-in-v0.0.1,retain-source-available;excluded-from-app-wide-osi-claim,single-snapshot-no-prior-history
samples/CameraAccessAndroid/app/src/main/res/mipmap-xxhdpi/ic_launcher.png,android-release,2b971023783df75309dd04f2885403bb7926af5c,candidate-egoflow-authored,EgoFlow-rights-candidate;no-app-wide-OSI-grant-in-v0.0.1,retain-source-available;excluded-from-app-wide-osi-claim,single-snapshot-no-prior-history
samples/CameraAccessAndroid/app/src/main/res/mipmap-xxhdpi/ic_launcher_foreground.png,android-release,f9d6efce6ccbe548a68474e916e794c0db7a6526,candidate-egoflow-authored,EgoFlow-rights-candidate;no-app-wide-OSI-grant-in-v0.0.1,retain-source-available;excluded-from-app-wide-osi-claim,basename-only:meta-android:samples/CameraAccess/app/src/main/res/drawable/ic_launcher_foreground.png|visionclaw:samples/CameraAccessAndroid/app/src/main/res/drawable/ic_launcher_foreground.png;single-snapshot-no-prior-history
samples/CameraAccessAndroid/app/src/main/res/mipmap-xxhdpi/ic_launcher_round.png,android-release,8e62994ae1d03815536112235a9b724de1bc1ec8,candidate-egoflow-authored,EgoFlow-rights-candidate;no-app-wide-OSI-grant-in-v0.0.1,retain-source-available;excluded-from-app-wide-osi-claim,single-snapshot-no-prior-history
samples/CameraAccessAndroid/app/src/main/res/mipmap-xxxhdpi/ic_launcher.png,android-release,0e3da0d3465a860fdefe4af2ace596c3e392cd81,candidate-egoflow-authored,EgoFlow-rights-candidate;no-app-wide-OSI-grant-in-v0.0.1,retain-source-available;excluded-from-app-wide-osi-claim,single-snapshot-no-prior-history
samples/CameraAccessAndroid/app/src/main/res/mipmap-xxxhdpi/ic_launcher_foreground.png,android-release,90e6157a2b67d3cd7c8b3d2648cce5b8f8d6a803,candidate-egoflow-authored,EgoFlow-rights-candidate;no-app-wide-OSI-grant-in-v0.0.1,retain-source-available;excluded-from-app-wide-osi-claim,basename-only:meta-android:samples/CameraAccess/app/src/main/res/drawable/ic_launcher_foreground.png|visionclaw:samples/CameraAccessAndroid/app/src/main/res/drawable/ic_launcher_foreground.png;single-snapshot-no-prior-history
samples/CameraAccessAndroid/app/src/main/res/mipmap-xxxhdpi/ic_launcher_round.png,android-release,5a55c59171067935ee5e39f899098911882a66a9,candidate-egoflow-authored,EgoFlow-rights-candidate;no-app-wide-OSI-grant-in-v0.0.1,retain-source-available;excluded-from-app-wide-osi-claim,single-snapshot-no-prior-history
samples/CameraAccessAndroid/app/src/main/res/values-night/themes.xml,android-release,ba7b733d9f22c5dcf21bb6135a7d0617ee6fd85a,candidate-egoflow-authored,EgoFlow-rights-candidate;no-app-wide-OSI-grant-in-v0.0.1,retain-source-available;excluded-from-app-wide-osi-claim,basename-only:meta-android:samples/CameraAccess/app/src/main/res/values/themes.xml|visionclaw:samples/CameraAccessAndroid/app/src/main/res/values/themes.xml;single-snapshot-no-prior-history
samples/CameraAccessAndroid/app/src/main/res/values/colors.xml,android-release,f42ada656ee26e30d170aaa67989f0f15c1a300b,candidate-egoflow-authored,EgoFlow-rights-candidate;no-app-wide-OSI-grant-in-v0.0.1,retain-source-available;excluded-from-app-wide-osi-claim,single-snapshot-no-prior-history
samples/CameraAccessAndroid/app/src/main/res/values/strings.xml,android-release,0f4d87444865eee7014fa08621643598883cd43f,modified-upstream-or-provenance-uncertain,upstream-terms-and-notices;excluded-from-EgoFlow-MIT-claim,retain-under-mixed-scope;preserve-notices;pending-written-permission,same-path:meta-android:samples/CameraAccess/app/src/main/res/values/strings.xml;same-path:visionclaw:samples/CameraAccessAndroid/app/src/main/res/values/strings.xml
samples/CameraAccessAndroid/app/src/main/res/values/themes.xml,android-release,4378ec87c3df8a9000645201ccbfe7cb6a4ede82,modified-upstream-or-provenance-uncertain,upstream-terms-and-notices;excluded-from-EgoFlow-MIT-claim,retain-under-mixed-scope;preserve-notices;pending-written-permission,same-path:meta-android:samples/CameraAccess/app/src/main/res/values/themes.xml;same-path:visionclaw:samples/CameraAccessAndroid/app/src/main/res/values/themes.xml
samples/CameraAccessAndroid/app/src/main/res/xml/file_paths.xml,android-release,ee605e383ceeea00d9404a01f48e6097c28ed9ee,exact-upstream-copy,upstream-terms-and-notices;excluded-from-EgoFlow-MIT-claim,retain-under-mixed-scope;preserve-notices;pending-written-permission,exact:meta-android:samples/CameraAccess/app/src/main/res/xml/file_paths.xml;exact:visionclaw:samples/CameraAccessAndroid/app/src/main/res/xml/file_paths.xml;same-path:meta-android:samples/CameraAccess/app/src/main/res/xml/file_paths.xml;same-path:visionclaw:samples/CameraAccessAndroid/app/src/main/res/xml/file_paths.xml
samples/CameraAccessAndroid/app/src/main/res/xml/network_security_config.xml,android-release,24d02caa56d5c677095a4321848f6e0b8d9e92da,candidate-egoflow-authored,EgoFlow-rights-candidate;no-app-wide-OSI-grant-in-v0.0.1,retain-source-available;excluded-from-app-wide-osi-claim,single-snapshot-no-prior-history
samples/CameraAccessAndroid/build.gradle.kts,android-release,49597dbb10347be7fece180113ca57304edfacf6,modified-upstream-or-provenance-uncertain,upstream-terms-and-notices;excluded-from-EgoFlow-MIT-claim,retain-under-mixed-scope;preserve-notices;pending-written-permission,meta-header;same-path:meta-android:samples/CameraAccess/build.gradle.kts;same-path:visionclaw:samples/CameraAccessAndroid/build.gradle.kts
samples/CameraAccessAndroid/core/build.gradle.kts,android-release,f3f0046d15e3e93d8075a54f48de81557db26c84,candidate-egoflow-authored,EgoFlow-rights-candidate;no-app-wide-OSI-grant-in-v0.0.1,retain-source-available;excluded-from-app-wide-osi-claim,basename-only:meta-android:samples/CameraAccess/app/build.gradle.kts|meta-android:samples/CameraAccess/build.gradle.kts|visionclaw:samples/CameraAccessAndroid/app/build.gradle.kts|visionclaw:samples/CameraAccessAndroid/build.gradle.kts;single-snapshot-no-prior-history
samples/CameraAccessAndroid/core/gradle.lockfile,android-release,edc4b00139ee3299aa0206572b571ef654ee395e,candidate-egoflow-authored,EgoFlow-rights-candidate;no-app-wide-OSI-grant-in-v0.0.1,retain-source-available;excluded-from-app-wide-osi-claim,single-snapshot-no-prior-history
samples/CameraAccessAndroid/core/src/main/AndroidManifest.xml,android-release,8072ee00dbf16d9161b7464ef3d2194a7d659bcc,candidate-egoflow-authored,EgoFlow-rights-candidate;no-app-wide-OSI-grant-in-v0.0.1,retain-source-available;excluded-from-app-wide-osi-claim,basename-only:meta-android:samples/CameraAccess/app/src/main/AndroidManifest.xml|visionclaw:samples/CameraAccessAndroid/app/src/main/AndroidManifest.xml;single-snapshot-no-prior-history
samples/CameraAccessAndroid/core/src/main/java/io/egoflow/app/core/encoder/VideoEncoder.kt,android-release,eeec0ff880f649be0c0e30446a6fb284e2967ad0,candidate-egoflow-authored,EgoFlow-rights-candidate;no-app-wide-OSI-grant-in-v0.0.1,retain-source-available;excluded-from-app-wide-osi-claim,single-snapshot-no-prior-history
samples/CameraAccessAndroid/core/src/main/java/io/egoflow/app/core/encoder/YuvFrameConverter.kt,android-release,3fd61db9a408a68458b5fbe1c06a1bad540a2213,candidate-egoflow-authored,EgoFlow-rights-candidate;no-app-wide-OSI-grant-in-v0.0.1,retain-source-available;excluded-from-app-wide-osi-claim,single-snapshot-no-prior-history
samples/CameraAccessAndroid/core/src/main/java/io/egoflow/app/core/transport/api/Transport.kt,android-release,2b4c943e303290ed7e4a4648c6ac770187a6995b,candidate-egoflow-authored,EgoFlow-rights-candidate;no-app-wide-OSI-grant-in-v0.0.1,retain-source-available;excluded-from-app-wide-osi-claim,single-snapshot-no-prior-history
samples/CameraAccessAndroid/core/src/main/java/io/egoflow/app/core/transport/api/TransportFactory.kt,android-release,5640ce14cdbb351f3028b25c70dcc1662d13cc05,candidate-egoflow-authored,EgoFlow-rights-candidate;no-app-wide-OSI-grant-in-v0.0.1,retain-source-available;excluded-from-app-wide-osi-claim,single-snapshot-no-prior-history
samples/CameraAccessAndroid/core/src/main/java/io/egoflow/app/core/transport/api/TransportTypes.kt,android-release,0b6a8da8b0dd071dffc4eac338a2c1542b5b4534,candidate-egoflow-authored,EgoFlow-rights-candidate;no-app-wide-OSI-grant-in-v0.0.1,retain-source-available;excluded-from-app-wide-osi-claim,single-snapshot-no-prior-history
samples/CameraAccessAndroid/gradle.properties,android-release,132244e5b8f6048a24d948876caa1d3b3df5dc1f,exact-upstream-copy,upstream-terms-and-notices;excluded-from-EgoFlow-MIT-claim,retain-under-mixed-scope;preserve-notices;pending-written-permission,exact:meta-android:samples/CameraAccess/gradle.properties;same-path:meta-android:samples/CameraAccess/gradle.properties;same-path:visionclaw:samples/CameraAccessAndroid/gradle.properties
samples/CameraAccessAndroid/gradle/libs.versions.toml,android-release,4cbf2aec3f6d6a54f1490cd1c0165b62beaea184,modified-upstream-or-provenance-uncertain,upstream-terms-and-notices;excluded-from-EgoFlow-MIT-claim,retain-under-mixed-scope;preserve-notices;pending-written-permission,same-path:meta-android:samples/CameraAccess/gradle/libs.versions.toml;same-path:visionclaw:samples/CameraAccessAndroid/gradle/libs.versions.toml
samples/CameraAccessAndroid/gradle/wrapper/gradle-wrapper.jar,android-release,e6441136f3d4ba8a0da8d277868979cfbc8ad796,exact-upstream-copy,upstream-terms-and-notices;excluded-from-EgoFlow-MIT-claim,retain-under-mixed-scope;preserve-notices;pending-written-permission,exact:meta-android:samples/CameraAccess/gradle/wrapper/gradle-wrapper.jar;exact:visionclaw:samples/CameraAccessAndroid/gradle/wrapper/gradle-wrapper.jar;same-path:meta-android:samples/CameraAccess/gradle/wrapper/gradle-wrapper.jar;same-path:visionclaw:samples/CameraAccessAndroid/gradle/wrapper/gradle-wrapper.jar
samples/CameraAccessAndroid/gradle/wrapper/gradle-wrapper.properties,android-release,002b867c48b3289ed9c179a968f56bef2859d3da,exact-upstream-copy,upstream-terms-and-notices;excluded-from-EgoFlow-MIT-claim,retain-under-mixed-scope;preserve-notices;pending-written-permission,exact:meta-android:samples/CameraAccess/gradle/wrapper/gradle-wrapper.properties;exact:visionclaw:samples/CameraAccessAndroid/gradle/wrapper/gradle-wrapper.properties;same-path:meta-android:samples/CameraAccess/gradle/wrapper/gradle-wrapper.properties;same-path:visionclaw:samples/CameraAccessAndroid/gradle/wrapper/gradle-wrapper.properties
samples/CameraAccessAndroid/gradlew,android-release,1aa94a4269074199e6ed2c37e8db3e0826030965,exact-upstream-copy,upstream-terms-and-notices;excluded-from-EgoFlow-MIT-claim,retain-under-mixed-scope;preserve-notices;pending-written-permission,exact:meta-android:samples/CameraAccess/gradlew;exact:visionclaw:samples/CameraAccessAndroid/gradlew;same-path:meta-android:samples/CameraAccess/gradlew;same-path:visionclaw:samples/CameraAccessAndroid/gradlew
samples/CameraAccessAndroid/gradlew.bat,android-release,25da30dbdeee93f6eaceea674c3b635de168ce06,modified-upstream-or-provenance-uncertain,upstream-terms-and-notices;excluded-from-EgoFlow-MIT-claim,retain-under-mixed-scope;preserve-notices;pending-written-permission,same-path:meta-android:samples/CameraAccess/gradlew.bat;same-path:visionclaw:samples/CameraAccessAndroid/gradlew.bat
samples/CameraAccessAndroid/keystore.properties.example,android-release,3ee22766d8ccc30bf6af3ff18efc9eda884ca6ea,candidate-egoflow-authored,EgoFlow-rights-candidate;no-app-wide-OSI-grant-in-v0.0.1,retain-source-available;excluded-from-app-wide-osi-claim,single-snapshot-no-prior-history
samples/CameraAccessAndroid/settings-gradle.lockfile,android-release,709a43f74f807462af96e6fa3dee48a1b4f9d7cb,candidate-egoflow-authored,EgoFlow-rights-candidate;no-app-wide-OSI-grant-in-v0.0.1,retain-source-available;excluded-from-app-wide-osi-claim,single-snapshot-no-prior-history
samples/CameraAccessAndroid/settings.gradle.kts,android-release,57ac5e16b8ca337a901eb5ea9edba3c626ae57fa,modified-upstream-or-provenance-uncertain,upstream-terms-and-notices;excluded-from-EgoFlow-MIT-claim,retain-under-mixed-scope;preserve-notices;pending-written-permission,meta-header;same-path:meta-android:samples/CameraAccess/settings.gradle.kts;same-path:visionclaw:samples/CameraAccessAndroid/settings.gradle.kts
samples/CameraAccessAndroid/transport-http/build.gradle.kts,android-release,a78dcac57e7e330b8ca915cd242c963650d42342,candidate-egoflow-authored,EgoFlow-rights-candidate;no-app-wide-OSI-grant-in-v0.0.1,retain-source-available;excluded-from-app-wide-osi-claim,basename-only:meta-android:samples/CameraAccess/app/build.gradle.kts|meta-android:samples/CameraAccess/build.gradle.kts|visionclaw:samples/CameraAccessAndroid/app/build.gradle.kts|visionclaw:samples/CameraAccessAndroid/build.gradle.kts;single-snapshot-no-prior-history
samples/CameraAccessAndroid/transport-http/gradle.lockfile,android-release,cc04f704792949cdbb13c2363751cd52ce4edffe,candidate-egoflow-authored,EgoFlow-rights-candidate;no-app-wide-OSI-grant-in-v0.0.1,retain-source-available;excluded-from-app-wide-osi-claim,single-snapshot-no-prior-history
samples/CameraAccessAndroid/transport-http/src/main/AndroidManifest.xml,android-release,b2d3ea123526d400738f87fcb9891f3421426ef9,candidate-egoflow-authored,EgoFlow-rights-candidate;no-app-wide-OSI-grant-in-v0.0.1,retain-source-available;excluded-from-app-wide-osi-claim,basename-only:meta-android:samples/CameraAccess/app/src/main/AndroidManifest.xml|visionclaw:samples/CameraAccessAndroid/app/src/main/AndroidManifest.xml;single-snapshot-no-prior-history
samples/CameraAccessAndroid/transport-http/src/main/java/io/egoflow/app/transport/http/FragmentedMp4Muxer.kt,android-release,5e724c250845b8c90bd44fae94ce96952434a1ab,candidate-egoflow-authored,EgoFlow-rights-candidate;no-app-wide-OSI-grant-in-v0.0.1,retain-source-available;excluded-from-app-wide-osi-claim,single-snapshot-no-prior-history
samples/CameraAccessAndroid/transport-http/src/main/java/io/egoflow/app/transport/http/HttpLiveRecorder.kt,android-release,873ccdc093af6e3a0823fe74abcec70a99bcc362,candidate-egoflow-authored,EgoFlow-rights-candidate;no-app-wide-OSI-grant-in-v0.0.1,retain-source-available;excluded-from-app-wide-osi-claim,single-snapshot-no-prior-history
samples/CameraAccessAndroid/transport-http/src/main/java/io/egoflow/app/transport/http/HttpLiveUploader.kt,android-release,acd21dc0dbb9ba46aaecb796a988a80a7ae70237,candidate-egoflow-authored,EgoFlow-rights-candidate;no-app-wide-OSI-grant-in-v0.0.1,retain-source-available;excluded-from-app-wide-osi-claim,single-snapshot-no-prior-history
samples/CameraAccessAndroid/transport-http/src/main/java/io/egoflow/app/transport/http/HttpTransport.kt,android-release,9fa5ba6de8c1ca0793eb5b28e7ee5a9949f1845d,candidate-egoflow-authored,EgoFlow-rights-candidate;no-app-wide-OSI-grant-in-v0.0.1,retain-source-available;excluded-from-app-wide-osi-claim,single-snapshot-no-prior-history
samples/CameraAccessAndroid/transport-http/src/main/java/io/egoflow/app/transport/http/HttpTransportFactory.kt,android-release,a4739e06382ce08c82b4ebe9c298a9fa3c68c4f1,candidate-egoflow-authored,EgoFlow-rights-candidate;no-app-wide-OSI-grant-in-v0.0.1,retain-source-available;excluded-from-app-wide-osi-claim,single-snapshot-no-prior-history
samples/CameraAccessAndroid/transport-http/src/main/java/io/egoflow/app/transport/http/I420FrameNormalizer.kt,android-release,eafe269ef5f90484f79a17b6fc1d910ecee915ad,candidate-egoflow-authored,EgoFlow-rights-candidate;no-app-wide-OSI-grant-in-v0.0.1,retain-source-available;excluded-from-app-wide-osi-claim,single-snapshot-no-prior-history
samples/CameraAccessAndroid/transport-http/src/test/java/io/egoflow/app/transport/http/FragmentedMp4MuxerTest.kt,android-release,d7105287e4c39e8937d3116a490720f87444c9f5,candidate-egoflow-authored,EgoFlow-rights-candidate;no-app-wide-OSI-grant-in-v0.0.1,retain-source-available;excluded-from-app-wide-osi-claim,single-snapshot-no-prior-history
samples/CameraAccessAndroid/transport-http/src/test/java/io/egoflow/app/transport/http/I420FrameNormalizerTest.kt,android-release,cd84018f3505b87d3d905468edc7de11e7e37569,candidate-egoflow-authored,EgoFlow-rights-candidate;no-app-wide-OSI-grant-in-v0.0.1,retain-source-available;excluded-from-app-wide-osi-claim,single-snapshot-no-prior-history
samples/CameraAccessAndroid/transport-rtmp/build.gradle.kts,android-release,c98c47001db908a838fb2a68c80b2b6230f04401,candidate-egoflow-authored,EgoFlow-rights-candidate;no-app-wide-OSI-grant-in-v0.0.1,retain-source-available;excluded-from-app-wide-osi-claim,basename-only:meta-android:samples/CameraAccess/app/build.gradle.kts|meta-android:samples/CameraAccess/build.gradle.kts|visionclaw:samples/CameraAccessAndroid/app/build.gradle.kts|visionclaw:samples/CameraAccessAndroid/build.gradle.kts;single-snapshot-no-prior-history
samples/CameraAccessAndroid/transport-rtmp/gradle.lockfile,android-release,e883f673004ee0c244961392e1535d25920e49ae,candidate-egoflow-authored,EgoFlow-rights-candidate;no-app-wide-OSI-grant-in-v0.0.1,retain-source-available;excluded-from-app-wide-osi-claim,single-snapshot-no-prior-history
samples/CameraAccessAndroid/transport-rtmp/src/main/AndroidManifest.xml,android-release,8072ee00dbf16d9161b7464ef3d2194a7d659bcc,candidate-egoflow-authored,EgoFlow-rights-candidate;no-app-wide-OSI-grant-in-v0.0.1,retain-source-available;excluded-from-app-wide-osi-claim,basename-only:meta-android:samples/CameraAccess/app/src/main/AndroidManifest.xml|visionclaw:samples/CameraAccessAndroid/app/src/main/AndroidManifest.xml;single-snapshot-no-prior-history
samples/CameraAccessAndroid/transport-rtmp/src/main/java/io/egoflow/app/auth/EgoFlowAuthClient.kt,android-release,bd0a52477e3ff7957d90afbf9b284fe99286a440,candidate-egoflow-authored,EgoFlow-rights-candidate;no-app-wide-OSI-grant-in-v0.0.1,retain-source-available;excluded-from-app-wide-osi-claim,single-snapshot-no-prior-history
samples/CameraAccessAndroid/transport-rtmp/src/main/java/io/egoflow/app/egoflow/EgoFlowBackendClient.kt,android-release,b517bc90b21b7642236ede1c6b71e2da415c00d8,candidate-egoflow-authored,EgoFlow-rights-candidate;no-app-wide-OSI-grant-in-v0.0.1,retain-source-available;excluded-from-app-wide-osi-claim,single-snapshot-no-prior-history
samples/CameraAccessAndroid/transport-rtmp/src/main/java/io/egoflow/app/egoflow/IngestType.kt,android-release,4b012f15b8f51b9282c4e9e73eacc260fc3daa75,candidate-egoflow-authored,EgoFlow-rights-candidate;no-app-wide-OSI-grant-in-v0.0.1,retain-source-available;excluded-from-app-wide-osi-claim,single-snapshot-no-prior-history
samples/CameraAccessAndroid/transport-rtmp/src/main/java/io/egoflow/app/settings/AesGcmCodec.kt,android-release,80ba59f5c59f7fc6b9d51bca10345f7b941e593d,candidate-egoflow-authored,EgoFlow-rights-candidate;no-app-wide-OSI-grant-in-v0.0.1,retain-source-available;excluded-from-app-wide-osi-claim,single-snapshot-no-prior-history
samples/CameraAccessAndroid/transport-rtmp/src/main/java/io/egoflow/app/settings/AndroidKeystorePasswordCipher.kt,android-release,3dffc8bc80a80b9fdba3385da5714bfc6ef48c3b,candidate-egoflow-authored,EgoFlow-rights-candidate;no-app-wide-OSI-grant-in-v0.0.1,retain-source-available;excluded-from-app-wide-osi-claim,single-snapshot-no-prior-history
samples/CameraAccessAndroid/transport-rtmp/src/main/java/io/egoflow/app/settings/AuthPrefs.kt,android-release,23e0ca0a201af64b43572f919447bc15e6ac26bb,candidate-egoflow-authored,EgoFlow-rights-candidate;no-app-wide-OSI-grant-in-v0.0.1,retain-source-available;excluded-from-app-wide-osi-claim,single-snapshot-no-prior-history
samples/CameraAccessAndroid/transport-rtmp/src/main/java/io/egoflow/app/settings/RepoPrefs.kt,android-release,1fe78342d18c72fc6322d468dbf7818828035410,candidate-egoflow-authored,EgoFlow-rights-candidate;no-app-wide-OSI-grant-in-v0.0.1,retain-source-available;excluded-from-app-wide-osi-claim,single-snapshot-no-prior-history
samples/CameraAccessAndroid/transport-rtmp/src/main/java/io/egoflow/app/stream/rtmp/RtmpAudioRecorder.kt,android-release,42c172eca3d473e5c6af7b596afe8cba252c1a67,candidate-egoflow-authored,EgoFlow-rights-candidate;no-app-wide-OSI-grant-in-v0.0.1,retain-source-available;excluded-from-app-wide-osi-claim,single-snapshot-no-prior-history
samples/CameraAccessAndroid/transport-rtmp/src/main/java/io/egoflow/app/stream/rtmp/RtmpAudioSource.kt,android-release,94b3d690425497c9ad27d9bf6a0fabbf02602b91,candidate-egoflow-authored,EgoFlow-rights-candidate;no-app-wide-OSI-grant-in-v0.0.1,retain-source-available;excluded-from-app-wide-osi-claim,single-snapshot-no-prior-history
samples/CameraAccessAndroid/transport-rtmp/src/main/java/io/egoflow/app/stream/rtmp/RtmpDiagnostics.kt,android-release,e211a778cd7492cfe190d9f9e6b8b15ca8de9e16,candidate-egoflow-authored,EgoFlow-rights-candidate;no-app-wide-OSI-grant-in-v0.0.1,retain-source-available;excluded-from-app-wide-osi-claim,single-snapshot-no-prior-history
samples/CameraAccessAndroid/transport-rtmp/src/main/java/io/egoflow/app/stream/rtmp/RtmpPublisher.kt,android-release,f0a746e0fe4d9ab92377085225ea8297b2e07885,candidate-egoflow-authored,EgoFlow-rights-candidate;no-app-wide-OSI-grant-in-v0.0.1,retain-source-available;excluded-from-app-wide-osi-claim,single-snapshot-no-prior-history
samples/CameraAccessAndroid/transport-rtmp/src/main/java/io/egoflow/app/stream/rtmp/RtmpSamplePacer.kt,android-release,235e8ff347971a420d88ce63fc1d98dbe021ff04,candidate-egoflow-authored,EgoFlow-rights-candidate;no-app-wide-OSI-grant-in-v0.0.1,retain-source-available;excluded-from-app-wide-osi-claim,single-snapshot-no-prior-history
samples/CameraAccessAndroid/transport-rtmp/src/main/java/io/egoflow/app/stream/rtmp/RtmpSendItem.kt,android-release,0c9dbf10f648396e79bedeafbdf284fa169e1b2e,candidate-egoflow-authored,EgoFlow-rights-candidate;no-app-wide-OSI-grant-in-v0.0.1,retain-source-available;excluded-from-app-wide-osi-claim,single-snapshot-no-prior-history
samples/CameraAccessAndroid/transport-rtmp/src/main/java/io/egoflow/app/stream/rtmp/RtmpStreamer.kt,android-release,664e33c8e14e9d3584eca3c8fa590d2007b3525a,candidate-egoflow-authored,EgoFlow-rights-candidate;no-app-wide-OSI-grant-in-v0.0.1,retain-source-available;excluded-from-app-wide-osi-claim,single-snapshot-no-prior-history
samples/CameraAccessAndroid/transport-rtmp/src/main/java/io/egoflow/app/stream/rtmp/RtmpTransportFailures.kt,android-release,6caf48691b9a85589c15837398c039b7b788c0ea,candidate-egoflow-authored,EgoFlow-rights-candidate;no-app-wide-OSI-grant-in-v0.0.1,retain-source-available;excluded-from-app-wide-osi-claim,single-snapshot-no-prior-history
samples/CameraAccessAndroid/transport-rtmp/src/main/java/io/egoflow/app/stream/rtmp/RtmpVideoCodec.kt,android-release,b467f688f1a7fc653df261a6f0469cd7ab6f0de0,candidate-egoflow-authored,EgoFlow-rights-candidate;no-app-wide-OSI-grant-in-v0.0.1,retain-source-available;excluded-from-app-wide-osi-claim,single-snapshot-no-prior-history
samples/CameraAccessAndroid/transport-rtmp/src/main/java/io/egoflow/app/stream/rtmp/RtmpVideoPacketizer.kt,android-release,0944f2e798ced58c478d0568aeda39ea65cc2d0f,candidate-egoflow-authored,EgoFlow-rights-candidate;no-app-wide-OSI-grant-in-v0.0.1,retain-source-available;excluded-from-app-wide-osi-claim,single-snapshot-no-prior-history
samples/CameraAccessAndroid/transport-rtmp/src/main/java/io/egoflow/app/stream/rtmp/RtmpVideoPublishState.kt,android-release,a377ce5fb00367ee555195d6f26a1ce77fe42519,candidate-egoflow-authored,EgoFlow-rights-candidate;no-app-wide-OSI-grant-in-v0.0.1,retain-source-available;excluded-from-app-wide-osi-claim,single-snapshot-no-prior-history
samples/CameraAccessAndroid/transport-rtmp/src/main/java/io/egoflow/app/transport/rtmp/RtmpTransport.kt,android-release,98ebc93deea6363b882b173904adb03deb0ae590,candidate-egoflow-authored,EgoFlow-rights-candidate;no-app-wide-OSI-grant-in-v0.0.1,retain-source-available;excluded-from-app-wide-osi-claim,single-snapshot-no-prior-history
samples/CameraAccessAndroid/transport-rtmp/src/main/java/io/egoflow/app/transport/rtmp/RtmpTransportFactory.kt,android-release,de0c02470bb5a0c926a97ab01546df019d3e63ad,candidate-egoflow-authored,EgoFlow-rights-candidate;no-app-wide-OSI-grant-in-v0.0.1,retain-source-available;excluded-from-app-wide-osi-claim,single-snapshot-no-prior-history
samples/CameraAccessAndroid/transport-rtmp/src/test/java/io/egoflow/app/auth/EgoFlowAuthClientTest.kt,android-release,675f0ea28e038ffeafaf42ae511b267f5688f4cc,candidate-egoflow-authored,EgoFlow-rights-candidate;no-app-wide-OSI-grant-in-v0.0.1,retain-source-available;excluded-from-app-wide-osi-claim,single-snapshot-no-prior-history
samples/CameraAccessAndroid/transport-rtmp/src/test/java/io/egoflow/app/egoflow/EgoFlowBackendClientHttpStreamTest.kt,android-release,cbe8bf4e6ab90152c6a8f46d947463844f25f531,candidate-egoflow-authored,EgoFlow-rights-candidate;no-app-wide-OSI-grant-in-v0.0.1,retain-source-available;excluded-from-app-wide-osi-claim,single-snapshot-no-prior-history
samples/CameraAccessAndroid/transport-rtmp/src/test/java/io/egoflow/app/settings/AesGcmCodecTest.kt,android-release,09780c33eead5d60e44b75029cefe054329fbd25,candidate-egoflow-authored,EgoFlow-rights-candidate;no-app-wide-OSI-grant-in-v0.0.1,retain-source-available;excluded-from-app-wide-osi-claim,single-snapshot-no-prior-history
samples/CameraAccessAndroid/transport-rtmp/src/test/java/io/egoflow/app/stream/rtmp/RtmpDiagnosticsTest.kt,android-release,4e8e2b862eb72ed389c130dfe1263006f24a7d12,candidate-egoflow-authored,EgoFlow-rights-candidate;no-app-wide-OSI-grant-in-v0.0.1,retain-source-available;excluded-from-app-wide-osi-claim,single-snapshot-no-prior-history
samples/CameraAccessAndroid/transport-rtmp/src/test/java/io/egoflow/app/stream/rtmp/RtmpPublisherTest.kt,android-release,cc2863bb884aabafba3c9eb422de073cb3de9b14,candidate-egoflow-authored,EgoFlow-rights-candidate;no-app-wide-OSI-grant-in-v0.0.1,retain-source-available;excluded-from-app-wide-osi-claim,single-snapshot-no-prior-history
samples/CameraAccessAndroid/transport-rtmp/src/test/java/io/egoflow/app/stream/rtmp/RtmpSamplePacerTest.kt,android-release,c257693fb959e87410117bbb8fda47d06f7879f2,candidate-egoflow-authored,EgoFlow-rights-candidate;no-app-wide-OSI-grant-in-v0.0.1,retain-source-available;excluded-from-app-wide-osi-claim,single-snapshot-no-prior-history
samples/CameraAccessAndroid/transport-rtmp/src/test/java/io/egoflow/app/stream/rtmp/RtmpSendQueueTest.kt,android-release,e41fd5267c8acf341ca25eef2844393ffe86f778,candidate-egoflow-authored,EgoFlow-rights-candidate;no-app-wide-OSI-grant-in-v0.0.1,retain-source-available;excluded-from-app-wide-osi-claim,single-snapshot-no-prior-history
samples/CameraAccessAndroid/transport-rtmp/src/test/java/io/egoflow/app/stream/rtmp/RtmpStreamerTimelineTest.kt,android-release,7470765376f87d6b28ec590689962472530c816b,candidate-egoflow-authored,EgoFlow-rights-candidate;no-app-wide-OSI-grant-in-v0.0.1,retain-source-available;excluded-from-app-wide-osi-claim,single-snapshot-no-prior-history
samples/CameraAccessAndroid/transport-rtmp/src/test/java/io/egoflow/app/stream/rtmp/RtmpTransportFailuresTest.kt,android-release,7fd17aff0d4ab29ab439745b95af50fed6979fce,candidate-egoflow-authored,EgoFlow-rights-candidate;no-app-wide-OSI-grant-in-v0.0.1,retain-source-available;excluded-from-app-wide-osi-claim,single-snapshot-no-prior-history
samples/CameraAccessAndroid/transport-rtmp/src/test/java/io/egoflow/app/stream/rtmp/RtmpVideoPacketizerTest.kt,android-release,adf8221d286c3f0dd1cd285031c634708fe6eb49,candidate-egoflow-authored,EgoFlow-rights-candidate;no-app-wide-OSI-grant-in-v0.0.1,retain-source-available;excluded-from-app-wide-osi-claim,single-snapshot-no-prior-history
samples/CameraAccessAndroid/transport-whip/build.gradle.kts,android-release,5bcdc22719fee8a9b9b64211b415074cdcbd1b75,candidate-egoflow-authored,EgoFlow-rights-candidate;no-app-wide-OSI-grant-in-v0.0.1,retain-source-available;excluded-from-app-wide-osi-claim,basename-only:meta-android:samples/CameraAccess/app/build.gradle.kts|meta-android:samples/CameraAccess/build.gradle.kts|visionclaw:samples/CameraAccessAndroid/app/build.gradle.kts|visionclaw:samples/CameraAccessAndroid/build.gradle.kts;single-snapshot-no-prior-history
samples/CameraAccessAndroid/transport-whip/gradle.lockfile,android-release,cc04f704792949cdbb13c2363751cd52ce4edffe,candidate-egoflow-authored,EgoFlow-rights-candidate;no-app-wide-OSI-grant-in-v0.0.1,retain-source-available;excluded-from-app-wide-osi-claim,single-snapshot-no-prior-history
samples/CameraAccessAndroid/transport-whip/src/main/AndroidManifest.xml,android-release,b2d3ea123526d400738f87fcb9891f3421426ef9,candidate-egoflow-authored,EgoFlow-rights-candidate;no-app-wide-OSI-grant-in-v0.0.1,retain-source-available;excluded-from-app-wide-osi-claim,basename-only:meta-android:samples/CameraAccess/app/src/main/AndroidManifest.xml|visionclaw:samples/CameraAccessAndroid/app/src/main/AndroidManifest.xml;single-snapshot-no-prior-history
samples/CameraAccessAndroid/transport-whip/src/main/java/io/egoflow/app/transport/whip/WhipClient.kt,android-release,e33ddd9685b19282d470f02ae2d600b53d946a53,candidate-egoflow-authored,EgoFlow-rights-candidate;no-app-wide-OSI-grant-in-v0.0.1,retain-source-available;excluded-from-app-wide-osi-claim,single-snapshot-no-prior-history
samples/CameraAccessAndroid/transport-whip/src/main/java/io/egoflow/app/transport/whip/WhipPeerConnection.kt,android-release,b5ce3f43d4cd767d5e3316525d55b35d15be5c68,candidate-egoflow-authored,EgoFlow-rights-candidate;no-app-wide-OSI-grant-in-v0.0.1,retain-source-available;excluded-from-app-wide-osi-claim,single-snapshot-no-prior-history
samples/CameraAccessAndroid/transport-whip/src/main/java/io/egoflow/app/transport/whip/WhipTransport.kt,android-release,21716df7319e262978375333063f53acaaca276e,candidate-egoflow-authored,EgoFlow-rights-candidate;no-app-wide-OSI-grant-in-v0.0.1,retain-source-available;excluded-from-app-wide-osi-claim,single-snapshot-no-prior-history
samples/CameraAccessAndroid/transport-whip/src/main/java/io/egoflow/app/transport/whip/WhipTransportFactory.kt,android-release,589c0c570896559d9e71b8722a2d7e97b6d8ecce,candidate-egoflow-authored,EgoFlow-rights-candidate;no-app-wide-OSI-grant-in-v0.0.1,retain-source-available;excluded-from-app-wide-osi-claim,single-snapshot-no-prior-history
samples/CameraAccessAndroid/transport-whip/src/test/java/io/egoflow/app/transport/whip/WhipClientTest.kt,android-release,238a9e086a90526b75d0a86fa381b9042fe9a567,candidate-egoflow-authored,EgoFlow-rights-candidate;no-app-wide-OSI-grant-in-v0.0.1,retain-source-available;excluded-from-app-wide-osi-claim,single-snapshot-no-prior-history
sbom.cdx.json,repository-metadata,796b0c171537e0a948632edf16f4081cb096c5d2,candidate-egoflow-authored,EgoFlow-rights-candidate;no-app-wide-OSI-grant-in-v0.0.1,retain-as-release-documentation-or-metadata,single-snapshot-no-prior-history
tools/cyclonedx.init.gradle.kts,repository-metadata,697a4c862985d2320c93095d78f81fca10ca749c,candidate-egoflow-authored,EgoFlow-rights-candidate;no-app-wide-OSI-grant-in-v0.0.1,retain-as-release-documentation-or-metadata,single-snapshot-no-prior-history
tools/generate-android-binary-inventory.sh,repository-metadata,07d9af4243046264b42b73a6af2604d0ed39559b,candidate-egoflow-authored,EgoFlow-rights-candidate;no-app-wide-OSI-grant-in-v0.0.1,retain-as-release-documentation-or-metadata,single-snapshot-no-prior-history
tools/generate-sbom.sh,repository-metadata,5040e9d7a663e3e23af1775706cc9c9d4b9dee01,candidate-egoflow-authored,EgoFlow-rights-candidate;no-app-wide-OSI-grant-in-v0.0.1,retain-as-release-documentation-or-metadata,single-snapshot-no-prior-history
